2022-10-26,00:00:00,150.9600,151.9900,148.0400,149.3500,88436172
2022-10-25,00:00:00,150.0900,152.4900,149.3600,152.3400,74732290
2022-10-24,00:00:00,147.1850,150.2300,146.0000,149.4500,75981918
2022-10-21,00:00:00,142.8700,147.8479,142.6490,147.2700,86548609
2022-10-20,00:00:00,143.0200,145.8900,142.6500,143.3900,64521989
2022-10-19,00:00:00,141.6900,144.9492,141.5000,143.8600,61758340
2022-10-18,00:00:00,145.4900,146.7000,140.6100,143.7500,99136610
2022-10-17,00:00:00,141.0650,142.9000,140.2700,142.4100,85250939
2022-10-14,00:00:00,144.3100,144.5200,138.1900,138.3800,88597969
2022-10-13,00:00:00,134.9900,143.5900,134.3700,142.9900,113223975
2022-10-12,00:00:00,139.1300,140.3600,138.1600,138.3400,70433744
2022-10-11,00:00:00,139.9000,141.3500,138.2200,138.9800,77033672
2022-10-10,00:00:00,140.4200,141.8900,138.5729,140.4200,74899002
2022-10-07,00:00:00,142.5400,143.1000,139.4450,140.0900,85925559
2022-10-06,00:00:00,145.8100,147.5400,145.2200,145.4300,68402169
2022-10-05,00:00:00,144.0750,147.3800,143.0100,146.4000,79470968
2022-10-04,00:00:00,145.0300,146.2200,144.2600,146.1000,87830064
2022-10-03,00:00:00,138.2100,143.0700,137.6850,142.4500,114311663
2022-09-30,00:00:00,141.2800,143.1000,138.0000,138.2000,124925274
2022-09-29,00:00:00,146.1000,146.7200,140.6800,142.4800,128138237
2022-09-28,00:00:00,147.6400,150.6414,144.8400,149.8400,146691387
2022-09-27,00:00:00,152.7400,154.7200,149.9450,151.7600,84442741
2022-09-26,00:00:00,149.6600,153.7701,149.6400,150.7700,93339409
2022-09-23,00:00:00,151.1900,151.4700,148.5600,150.4300,96029909
2022-09-22,00:00:00,152.3800,154.4700,150.9100,152.7400,86264792
2022-09-21,00:00:00,157.3400,158.7400,153.6000,153.7200,101696790
2022-09-20,00:00:00,153.4000,158.0800,153.0800,156.9000,107689796
2022-09-19,00:00:00,149.3100,154.5600,149.1000,154.4800,81474246
2022-09-16,00:00:00,151.2100,151.3500,148.3700,150.7000,162278841
2022-09-15,00:00:00,154.6500,155.2400,151.3800,152.3700,90481110
2022-09-14,00:00:00,154.7850,157.1000,153.6106,155.3100,87965409
2022-09-13,00:00:00,159.9000,160.5400,153.3700,153.8400,122656614
2022-09-12,00:00:00,159.5900,164.2600,159.3000,163.4300,104955962
2022-09-09,00:00:00,155.4700,157.8200,154.7500,157.3700,68081006
2022-09-08,00:00:00,154.6400,156.3600,152.6800,154.4600,84923847
2022-09-07,00:00:00,154.8250,156.6700,153.6100,155.9600,87449574
2022-09-06,00:00:00,156.4700,157.0900,153.6900,154.5300,73295539
2022-09-02,00:00:00,159.7500,160.3620,154.9650,155.8100,76957768
2022-09-01,00:00:00,156.6400,158.4200,154.6700,157.9600,74229896
2022-08-31,00:00:00,160.3050,160.5800,157.1400,157.2200,87991091
2022-08-30,00:00:00,162.1300,162.5600,157.7200,158.9100,77906197
2022-08-29,00:00:00,161.1450,162.9000,159.8200,161.3800,72724452
2022-08-26,00:00:00,170.5700,171.0500,163.5600,163.6200,78960980
2022-08-25,00:00:00,168.7800,170.1400,168.3500,170.0300,51218209
2022-08-24,00:00:00,167.3200,168.1100,166.2450,167.5300,53841524
2022-08-23,00:00:00,167.0800,168.7100,166.6500,167.2300,54147079
2022-08-22,00:00:00,169.6900,169.8600,167.1350,167.5700,69026809
2022-08-19,00:00:00,173.0300,173.7400,171.3101,171.5200,70346295
2022-08-18,00:00:00,173.7500,174.9000,173.1200,174.1500,62290075
2022-08-17,00:00:00,172.7700,176.1500,172.5700,174.5500,79542037
2022-08-16,00:00:00,172.7800,173.7100,171.6618,173.0300,56377050
2022-08-15,00:00:00,171.5200,173.3900,171.3450,173.1900,54091694
2022-08-12,00:00:00,169.8200,172.1700,169.4000,172.1000,68039382
2022-08-11,00:00:00,170.0600,170.9900,168.1900,168.4900,57149159
2022-08-10,00:00:00,167.6800,169.3400,166.9000,169.2400,70170540
2022-08-09,00:00:00,164.0200,165.8200,163.2500,164.9200,63135503
2022-08-08,00:00:00,166.3700,167.8100,164.2000,164.8700,60362338
2022-08-05,00:00:00,163.2100,165.8500,163.0000,165.3500,56696985
2022-08-04,00:00:00,166.0050,167.1900,164.4300,165.8100,55474144
2022-08-03,00:00:00,160.8400,166.5900,160.7500,166.1300,82507488
2022-08-02,00:00:00,160.1000,162.4100,159.6300,160.0100,59907025
2022-08-01,00:00:00,161.0100,163.5900,160.8900,161.5100,67829379
2022-07-29,00:00:00,161.2400,163.6300,159.5000,162.5100,101786860
2022-07-28,00:00:00,156.9800,157.6400,154.4100,157.3500,81378731
2022-07-27,00:00:00,152.5800,157.3300,152.1600,156.7900,78620688
2022-07-26,00:00:00,152.2650,153.0850,150.8000,151.6000,55138691
2022-07-25,00:00:00,154.0100,155.0400,152.2800,152.9500,53623945
2022-07-22,00:00:00,155.3900,156.2800,153.4100,154.0900,66675408
2022-07-21,00:00:00,154.5000,155.5700,151.9400,155.3500,65086636
2022-07-20,00:00:00,151.1200,153.7200,150.3700,153.0400,64823413
2022-07-19,00:00:00,147.9200,151.2300,146.9100,151.0000,82982367
2022-07-18,00:00:00,150.7400,151.5700,146.7000,147.0700,81420868
2022-07-15,00:00:00,149.7800,150.8600,148.2000,150.1700,76259931
2022-07-14,00:00:00,144.0800,148.9500,143.2500,148.4700,78140744
2022-07-13,00:00:00,142.9900,146.4500,142.1201,145.4900,71185560
2022-07-12,00:00:00,145.7600,148.4500,145.0500,145.8600,77588759
2022-07-11,00:00:00,145.6700,146.6400,143.7800,144.8700,63305113
2022-07-08,00:00:00,145.2650,147.5500,145.0000,147.0400,64547798
2022-07-07,00:00:00,143.2900,146.5500,143.2800,146.3500,66253709
2022-07-06,00:00:00,141.3550,144.1200,141.0800,142.9200,74064254
2022-07-05,00:00:00,137.7700,141.6100,136.9300,141.5600,73429641
2022-07-01,00:00:00,136.0400,139.0400,135.6600,138.9300,71051552
2022-06-30,00:00:00,137.2500,138.3700,133.7737,136.7200,98964467
2022-06-29,00:00:00,137.4600,140.6700,136.6700,139.2300,66242411
2022-06-28,00:00:00,142.1300,143.4220,137.3250,137.4400,67315328
2022-06-27,00:00:00,142.6950,143.4900,140.9650,141.6600,70207908
2022-06-24,00:00:00,139.9000,141.9100,139.7700,141.6600,89116837
2022-06-23,00:00:00,136.8200,138.5900,135.6300,138.2700,72433768
2022-06-22,00:00:00,134.7900,137.7600,133.9100,135.3500,73409234
2022-06-21,00:00:00,133.4200,137.0600,133.3200,135.8700,81000488
2022-06-17,00:00:00,130.0650,133.0790,129.8100,131.5600,134520290
2022-06-16,00:00:00,132.0800,132.3900,129.0400,130.0600,107961508
2022-06-15,00:00:00,134.2900,137.3400,132.1600,135.4300,91532972
2022-06-14,00:00:00,133.1300,133.8900,131.4800,132.7600,84784326
2022-06-13,00:00:00,132.8700,135.2000,131.4400,131.8800,122207099
2022-06-10,00:00:00,140.2800,140.7600,137.0600,137.1300,91566637
2022-06-09,00:00:00,147.0800,147.9500,142.5300,142.6400,69472976
2022-06-08,00:00:00,148.5800,149.8697,147.4600,147.9600,53950201
2022-06-07,00:00:00,144.3450,149.0000,144.1000,148.7100,67808150
2022-06-06,00:00:00,147.0300,148.5689,144.9000,146.1400,71598380
2022-06-03,00:00:00,146.9000,147.9700,144.4600,145.3800,88570289
2022-06-02,00:00:00,147.8300,151.2700,146.8600,151.2100,72348055
2022-06-01,00:00:00,149.9000,151.7400,147.6800,148.7100,74286635
2022-05-31,00:00:00,149.0700,150.6600,146.8400,148.8400,103718416
2022-05-27,00:00:00,145.3900,149.6800,145.2600,149.6400,90978503
2022-05-26,00:00:00,137.3900,144.3400,137.1400,143.7800,90601548
2022-05-25,00:00:00,138.4300,141.7850,138.3400,140.5200,92482696
2022-05-24,00:00:00,140.8050,141.9700,137.3300,140.3600,104132746
2022-05-23,00:00:00,137.7900,143.2600,137.6500,143.1100,117726265
2022-05-20,00:00:00,139.0900,140.7000,132.6100,137.5900,137426125
2022-05-19,00:00:00,139.8800,141.6600,136.6000,137.3500,136095640
2022-05-18,00:00:00,146.8500,147.3601,139.9000,140.8200,109742890
2022-05-17,00:00:00,148.8600,149.7700,146.6800,149.2400,78336254
2022-05-16,00:00:00,145.5500,147.5199,144.1800,145.5400,86643781
2022-05-13,00:00:00,144.5900,148.1050,143.1100,147.1100,113990852
2022-05-12,00:00:00,142.7700,146.2000,138.8000,142.5600,182602041
2022-05-11,00:00:00,153.5000,155.4500,145.8100,146.5000,142689825
2022-05-10,00:00:00,155.5200,156.7400,152.9300,154.5100,115366736
2022-05-09,00:00:00,154.9250,155.8300,151.4900,152.0600,131577921
2022-05-06,00:00:00,156.0100,159.4400,154.1800,157.2800,116124647
2022-05-05,00:00:00,163.8500,164.0800,154.9500,156.7700,130525275
2022-05-04,00:00:00,159.6700,166.4800,159.2600,166.0200,107521649
2022-05-03,00:00:00,158.1500,160.7100,156.3200,159.4800,88966526
2022-05-02,00:00:00,156.7100,158.2300,153.2700,157.9600,123055265
2022-04-29,00:00:00,161.8400,166.2000,157.2500,157.6500,131747571
2022-04-28,00:00:00,159.2500,164.5150,158.9300,163.6400,130216792
2022-04-27,00:00:00,155.9100,159.7900,155.3800,156.5700,88063191
2022-04-26,00:00:00,162.2500,162.3400,156.7200,156.8000,94008394
2022-04-25,00:00:00,161.1200,163.1700,158.4600,162.8800,96046376
2022-04-22,00:00:00,166.4600,167.8699,161.5000,161.7900,84882424
2022-04-21,00:00:00,168.9100,171.5300,165.9100,166.4200,87227768
2022-04-20,00:00:00,168.7600,168.8800,166.1000,167.2300,67718110
2022-04-19,00:00:00,165.0200,167.8200,163.9100,167.4000,67723833
2022-04-18,00:00:00,163.9200,166.5984,163.5700,165.0700,69023941
2022-04-14,00:00:00,170.6200,171.2700,165.0400,165.2900,75329376
2022-04-13,00:00:00,167.3900,171.0400,166.7700,170.4000,70618925
2022-04-12,00:00:00,168.0200,169.8700,166.6400,167.6600,79265181
2022-04-11,00:00:00,168.7100,169.0300,165.5000,165.7500,72246706
2022-04-08,00:00:00,171.7800,171.7800,169.2000,170.0900,76575508
2022-04-07,00:00:00,171.1600,173.3600,169.8500,172.1400,77594650
2022-04-06,00:00:00,172.3600,173.6300,170.1300,171.8300,89058782
2022-04-05,00:00:00,177.5000,178.3000,174.4150,175.0600,70902999
2022-04-04,00:00:00,174.5700,178.4900,174.4400,178.4400,76545983
2022-04-01,00:00:00,174.0300,174.8800,171.9400,174.3100,78751328
2022-03-31,00:00:00,177.8400,178.0300,174.4000,174.6100,103049285
2022-03-30,00:00:00,178.5500,179.6100,176.7000,177.7700,92633154
2022-03-29,00:00:00,176.6900,179.0100,176.3400,178.9600,100589440
2022-03-28,00:00:00,172.1700,175.7300,172.0000,175.6000,90371916
2022-03-25,00:00:00,173.8800,175.2800,172.7500,174.7200,80281664
2022-03-24,00:00:00,171.0600,174.1400,170.2100,174.0700,90131418
2022-03-23,00:00:00,167.9900,172.6400,167.6500,170.2100,98062674
2022-03-22,00:00:00,165.5100,169.4200,164.9100,168.8200,80979755
2022-03-21,00:00:00,163.5100,166.3500,163.0150,165.3800,89029269
2022-03-18,00:00:00,160.5100,164.4800,159.7600,163.9800,122055535
2022-03-17,00:00:00,158.6100,161.0000,157.6300,160.6200,75615376
2022-03-16,00:00:00,157.0500,160.0000,154.4600,159.5900,102300157
2022-03-15,00:00:00,150.9000,155.5700,150.3800,155.0900,92964302
2022-03-14,00:00:00,151.4500,154.1200,150.1000,150.6200,108732111
2022-03-11,00:00:00,158.9300,159.2800,154.5000,154.7300,96970102
2022-03-10,00:00:00,160.2000,160.3900,155.9800,158.5200,105342033
2022-03-09,00:00:00,161.4750,163.4100,159.4100,162.9500,91454905
2022-03-08,00:00:00,158.8200,162.8800,155.8000,157.4400,131148280
2022-03-07,00:00:00,163.3600,165.0200,159.0400,159.3000,96418845
2022-03-04,00:00:00,164.4900,165.5500,162.1000,163.1700,83819592
2022-03-03,00:00:00,168.4700,168.9100,165.5500,166.2300,76678441
2022-03-02,00:00:00,164.3900,167.3600,162.9500,166.5600,79724750
2022-03-01,00:00:00,164.6950,166.6000,161.9700,163.2000,83474425
2022-02-28,00:00:00,163.0600,165.4200,162.4300,165.1200,95056629
2022-02-25,00:00:00,163.8400,165.1200,160.8738,164.8500,91974222
2022-02-24,00:00:00,152.5800,162.8500,152.0000,162.7400,141147540
2022-02-23,00:00:00,165.5400,166.1500,159.7500,160.0700,90009247
2022-02-22,00:00:00,164.9800,166.6900,162.1500,164.3200,90457637
2022-02-18,00:00:00,169.8200,170.5413,166.1900,167.3000,82772674
2022-02-17,00:00:00,171.0300,171.9100,168.4700,168.8800,69589344
2022-02-16,00:00:00,171.8500,173.3400,170.0500,172.5500,61177398
2022-02-15,00:00:00,170.9700,172.9500,170.2500,172.7900,64286320
2022-02-14,00:00:00,167.3700,169.5800,166.5600,168.8800,86185530
2022-02-11,00:00:00,172.3300,173.0800,168.0400,168.6400,98670687
2022-02-10,00:00:00,174.1400,175.4800,171.5500,172.1200,90865899
2022-02-09,00:00:00,176.0500,176.6500,174.9000,176.2800,71285038
2022-02-08,00:00:00,171.7300,175.3500,171.4300,174.8300,74829217
2022-02-07,00:00:00,172.8600,173.9458,170.9500,171.6600,77251204
2022-02-04,00:00:00,171.6800,174.1000,170.6800,172.3900,82465400
2022-02-03,00:00:00,174.4800,176.2399,172.1200,172.9000,89418074
2022-02-02,00:00:00,174.7450,175.8800,173.3300,175.8400,84914256
2022-02-01,00:00:00,174.0100,174.8400,172.3100,174.6100,86213911
2022-01-31,00:00:00,170.1600,175.0000,169.5100,174.7800,115541590
2022-01-28,00:00:00,165.7100,170.3500,162.8000,170.3300,179935660
2022-01-27,00:00:00,162.4500,163.8400,158.2800,159.2200,121954638
2022-01-26,00:00:00,163.5000,164.3894,157.8200,159.6900,108275308
2022-01-25,00:00:00,158.9800,162.7600,157.0200,159.7800,115798367
2022-01-24,00:00:00,160.0200,162.3000,154.7000,161.6200,162706686
2022-01-21,00:00:00,164.4150,166.3300,162.3000,162.4100,122848858
2022-01-20,00:00:00,166.9800,169.6800,164.1800,164.5100,91420515
2022-01-19,00:00:00,170.0000,171.0800,165.9400,166.2300,92914792
2022-01-18,00:00:00,171.5100,172.5400,169.4050,169.8000,90500236
2022-01-14,00:00:00,171.3400,173.7800,171.0900,173.0700,80440780
2022-01-13,00:00:00,175.7800,176.6200,171.7900,172.1900,84505760
2022-01-12,00:00:00,176.1200,177.1800,174.8200,175.5300,74805173
2022-01-11,00:00:00,172.3200,175.1800,170.8200,175.0800,75937685
2022-01-10,00:00:00,169.0800,172.5000,168.1700,172.1900,106765552
2022-01-07,00:00:00,172.8900,174.1400,171.0300,172.1700,86709147
2022-01-06,00:00:00,172.7000,175.3000,171.6400,172.0000,96903955
2022-01-05,00:00:00,179.6100,180.1700,174.6400,174.9200,94537602
2022-01-04,00:00:00,182.6300,182.9400,179.1200,179.7000,99310438
2022-01-03,00:00:00,177.8300,182.8800,177.7100,182.0100,104701220
2021-12-31,00:00:00,178.0850,179.2300,177.2600,177.5700,61661433
2021-12-30,00:00:00,179.4700,180.5700,178.0900,178.2000,59773014
2021-12-29,00:00:00,179.3300,180.6300,178.1400,179.3800,62348931
2021-12-28,00:00:00,180.1600,181.3300,178.5300,179.2900,79144339
2021-12-27,00:00:00,177.0850,180.4200,177.0700,180.3300,74919582
2021-12-23,00:00:00,175.8500,176.8499,175.2700,176.2800,68356567
2021-12-22,00:00:00,173.0400,175.8600,172.1500,175.6400,92135303
2021-12-21,00:00:00,171.5550,173.2000,169.1200,172.9900,91185905
2021-12-20,00:00:00,168.2800,170.5800,167.4600,169.7500,107499114
2021-12-17,00:00:00,169.9300,173.4700,169.6900,171.1400,195923441
2021-12-16,00:00:00,179.2800,181.1400,170.7500,172.2600,150185843
2021-12-15,00:00:00,175.1100,179.5000,172.3108,179.3000,131063257
2021-12-14,00:00:00,175.2500,177.7400,172.2100,174.3300,139380382
2021-12-13,00:00:00,181.1150,182.1300,175.5300,175.7400,153237019
2021-12-10,00:00:00,175.2050,179.6300,174.6900,179.4500,115402731
2021-12-09,00:00:00,174.9100,176.7500,173.9200,174.5600,108923739
2021-12-08,00:00:00,172.1250,175.9600,170.7000,175.0800,116998901
2021-12-07,00:00:00,169.0800,171.5800,168.3400,171.1800,120405352
2021-12-06,00:00:00,164.2900,167.8799,164.2800,165.3200,107496982
2021-12-03,00:00:00,164.0200,164.9600,159.7200,161.8400,118023116
2021-12-02,00:00:00,158.7350,164.2000,157.8000,163.7600,136739174
2021-12-01,00:00:00,167.4800,170.3000,164.5300,164.7700,152423003
2021-11-30,00:00:00,159.9850,165.5200,159.9200,165.3000,174048056
2021-11-29,00:00:00,159.3700,161.1900,158.7901,160.2400,88748217
2021-11-26,00:00:00,159.5650,160.4500,156.3600,156.8100,76959752
2021-11-24,00:00:00,160.7500,162.1400,159.6400,161.9400,69463623
2021-11-23,00:00:00,161.1200,161.8000,159.0601,161.4100,96041899
2021-11-22,00:00:00,161.6800,165.7000,161.0000,161.0200,117467889
2021-11-19,00:00:00,157.6500,161.0200,156.5328,160.5500,117305597
2021-11-18,00:00:00,153.7100,158.6700,153.0500,157.8700,137827673
2021-11-17,00:00:00,150.9950,155.0000,150.9900,153.4900,88807000
2021-11-16,00:00:00,149.9400,151.4880,149.3400,151.0000,59256210
2021-11-15,00:00:00,150.3700,151.8800,149.4300,150.0000,59222803
2021-11-12,00:00:00,148.4300,150.4000,147.4800,149.9900,63245197
2021-11-11,00:00:00,148.9600,149.4300,147.6810,147.8700,40999950
2021-11-10,00:00:00,150.0200,150.1300,147.8500,147.9200,65187092
2021-11-09,00:00:00,150.2000,151.4280,150.0601,150.8100,56573449
2021-11-08,00:00:00,151.4100,151.5700,150.1600,150.4400,55020868
2021-11-05,00:00:00,151.8900,152.2000,150.0600,151.2800,65463883
2021-11-04,00:00:00,151.5800,152.4300,150.6400,150.9600,60394616
2021-11-03,00:00:00,150.3900,151.9700,149.8200,151.4900,54511534
2021-11-02,00:00:00,148.6600,151.5700,148.6500,150.0200,68922374
2021-11-01,00:00:00,148.9850,149.7000,147.8000,148.9600,73396551
2021-10-29,00:00:00,147.2150,149.9400,146.4128,149.8000,124953168
2021-10-28,00:00:00,149.8200,153.1650,149.7200,152.5700,100077888
2021-10-27,00:00:00,149.3600,149.7300,148.4900,148.8500,56094929
2021-10-26,00:00:00,149.3300,150.8400,149.0101,149.3200,60893395
2021-10-25,00:00:00,148.6800,149.3700,147.6211,148.6400,50720556
2021-10-22,00:00:00,149.6900,150.1800,148.6400,148.6900,58883443
2021-10-21,00:00:00,148.8100,149.6400,147.8700,149.4800,61420990
2021-10-20,00:00:00,148.7000,149.7539,148.1200,149.2600,58418788
2021-10-19,00:00:00,147.0100,149.1700,146.5500,148.7600,76378894
2021-10-18,00:00:00,143.4450,146.8400,143.1600,146.5500,85589175
2021-10-15,00:00:00,143.7700,144.8950,143.5100,144.8400,67940334
2021-10-14,00:00:00,142.1100,143.8800,141.5100,143.7600,69907100
2021-10-13,00:00:00,141.2350,141.4000,139.2000,140.9100,78762721
2021-10-12,00:00:00,143.2300,143.2500,141.0401,141.5100,73035859
2021-10-11,00:00:00,142.2700,144.8100,141.8100,142.8100,64452219
2021-10-08,00:00:00,144.0300,144.1781,142.5600,142.9000,58773155
2021-10-07,00:00:00,143.0600,144.2150,142.7200,143.2900,61732656
2021-10-06,00:00:00,139.4700,142.1500,138.3700,142.0000,83221119
2021-10-05,00:00:00,139.4900,142.2400,139.3600,141.1100,80861062
2021-10-04,00:00:00,141.7600,142.2100,138.2700,139.1400,98322008
2021-10-01,00:00:00,141.9000,142.9200,139.1101,142.6500,94639581
2021-09-30,00:00:00,143.6600,144.3780,141.2800,141.5000,89056664
2021-09-29,00:00:00,142.4700,144.4500,142.0300,142.8300,74602044
2021-09-28,00:00:00,143.2500,144.7500,141.6900,141.9100,108972340
2021-09-27,00:00:00,145.4700,145.9600,143.8200,145.3700,74150729
2021-09-24,00:00:00,145.6600,147.4701,145.5600,146.9200,53477869
2021-09-23,00:00:00,146.6500,147.0800,145.6400,146.8300,64838170
2021-09-22,00:00:00,144.4500,146.4300,143.7001,145.8500,76404341
2021-09-21,00:00:00,143.9300,144.6000,142.7800,143.4300,75833962
2021-09-20,00:00:00,143.8000,144.8400,141.2700,142.9400,123478863
2021-09-17,00:00:00,148.8200,148.8200,145.7600,146.0600,129868824
2021-09-16,00:00:00,148.4400,148.9700,147.2210,148.7900,68034149
2021-09-15,00:00:00,148.5600,149.4400,146.3700,149.0300,83281315
2021-09-14,00:00:00,150.3500,151.0700,146.9100,148.1200,109296295
2021-09-13,00:00:00,150.6300,151.4200,148.7500,149.5500,102404329
2021-09-10,00:00:00,155.0000,155.4800,148.7000,148.9700,140893235
2021-09-09,00:00:00,155.4900,156.1100,153.9500,154.0700,57305730
2021-09-08,00:00:00,156.9800,157.0400,153.9750,155.1100,74420207
2021-09-07,00:00:00,154.9700,157.2600,154.3900,156.6900,82278261
2021-09-03,00:00:00,153.7600,154.6300,153.0900,154.3000,57866066
2021-09-02,00:00:00,153.8700,154.7200,152.4000,153.6500,71171317
2021-09-01,00:00:00,152.8300,154.9800,152.3400,152.5100,80313711
2021-08-31,00:00:00,152.6600,152.8000,151.2900,151.8300,86453117
2021-08-30,00:00:00,149.0000,153.4900,148.6100,153.1200,90956723
2021-08-27,00:00:00,147.4800,148.7500,146.8300,148.6000,55802388
2021-08-26,00:00:00,148.3500,149.1200,147.5100,147.5400,48597195
2021-08-25,00:00:00,149.8100,150.3200,147.8000,148.3600,58991297
2021-08-24,00:00:00,149.4500,150.8600,149.1500,149.6200,48606428
2021-08-23,00:00:00,148.3100,150.1900,147.8900,149.7100,60131810
2021-08-20,00:00:00,147.4400,148.5000,146.7800,148.1900,60549630
2021-08-19,00:00:00,145.0300,148.0000,144.5000,146.7000,86960310
2021-08-18,00:00:00,149.8000,150.7200,146.1500,146.3600,86325990
2021-08-17,00:00:00,150.2300,151.6800,149.0900,150.1900,92229735
2021-08-16,00:00:00,148.5350,151.1900,146.4700,151.1200,103558782
2021-08-13,00:00:00,148.9700,149.4444,148.2700,149.1000,58846293
2021-08-12,00:00:00,146.1900,149.0500,145.8400,148.8900,73779113
2021-08-11,00:00:00,146.0500,146.7200,145.5300,145.8600,48493463
2021-08-10,00:00:00,146.4400,147.7100,145.3000,145.6000,69023081
2021-08-09,00:00:00,146.2000,146.7000,145.5200,146.0900,48908689
2021-08-06,00:00:00,146.3500,147.1100,145.6300,146.1400,54126813
2021-08-05,00:00:00,146.9800,147.8400,146.1700,147.0600,46397674
2021-08-04,00:00:00,147.2700,147.7900,146.2800,146.9500,56368271
2021-08-03,00:00:00,145.8100,148.0450,145.1800,147.3600,64786618
2021-08-02,00:00:00,146.3600,146.9500,145.2500,145.5200,62879961
2021-07-30,00:00:00,144.3800,146.3300,144.1100,145.8600,70440626
2021-07-29,00:00:00,144.6850,146.5500,144.5800,145.6400,54323047
2021-07-28,00:00:00,144.8100,146.9700,142.5400,144.9800,118931191
2021-07-27,00:00:00,149.1200,149.2100,145.5500,146.7700,104818578
2021-07-26,00:00:00,148.2700,149.8300,147.7000,148.9900,72434089
2021-07-23,00:00:00,147.5500,148.7177,146.9200,148.5600,71447416
2021-07-22,00:00:00,145.9350,148.1950,145.8100,146.8000,77338156
2021-07-21,00:00:00,145.5300,146.1300,144.6300,145.4000,74993460
2021-07-20,00:00:00,143.4600,147.0997,142.9600,146.1500,96350036
2021-07-19,00:00:00,143.7500,144.0700,141.6700,142.4500,121434571
2021-07-16,00:00:00,148.4600,149.7600,145.8800,146.3900,93251426
2021-07-15,00:00:00,149.2400,150.0000,147.0900,148.4800,106820297
2021-07-14,00:00:00,148.1000,149.5700,147.6800,149.1500,127050785
2021-07-13,00:00:00,144.0300,147.4600,143.6300,145.6400,100827099
2021-07-12,00:00:00,146.2100,146.3200,144.0000,144.5000,76299719
2021-07-09,00:00:00,142.7500,145.6500,142.6522,145.1100,99890800
2021-07-08,00:00:00,141.5800,144.0600,140.6650,143.2400,105575458
2021-07-07,00:00:00,143.5350,144.8900,142.6600,144.5700,104911589
2021-07-06,00:00:00,140.0700,143.1500,140.0700,142.0200,108181793
2021-07-02,00:00:00,137.9000,140.0000,137.7450,139.9600,78945572
2021-07-01,00:00:00,136.6000,137.3300,135.7600,137.2700,52485781
2021-06-30,00:00:00,136.1700,137.4100,135.8700,136.9600,63261393
2021-06-29,00:00:00,134.8000,136.4900,134.3500,136.3300,64556081
2021-06-28,00:00:00,133.4100,135.2450,133.3500,134.7800,62111303
2021-06-25,00:00:00,133.4600,133.8900,132.8100,133.1100,70783746
2021-06-24,00:00:00,134.4500,134.6400,132.9300,133.4100,68710998
2021-06-23,00:00:00,133.7700,134.3200,133.2300,133.7000,60214200
2021-06-22,00:00:00,132.1300,134.0800,131.6200,133.9800,74783618
2021-06-21,00:00:00,130.3000,132.4100,129.2100,132.3000,79663316
2021-06-18,00:00:00,130.7100,131.5100,130.2400,130.4600,108953309
2021-06-17,00:00:00,129.8000,132.5500,129.6500,131.7900,96721669
2021-06-16,00:00:00,130.3700,130.8900,128.4610,130.1500,91339351
2021-06-15,00:00:00,129.9400,130.6000,129.3900,129.6400,62746332
2021-06-14,00:00:00,127.8200,130.5400,127.0700,130.4800,96906490
2021-06-11,00:00:00,126.5300,127.4400,126.1000,127.3500,53522373
2021-06-10,00:00:00,127.0200,128.1900,125.9400,126.1100,71186421
2021-06-09,00:00:00,127.2100,127.7500,126.5200,127.1300,56877937
2021-06-08,00:00:00,126.6000,128.4600,126.2101,126.7400,74403774
2021-06-07,00:00:00,126.1700,126.3200,124.8321,125.9000,71057550
2021-06-04,00:00:00,124.0700,126.1600,123.8500,125.8900,75169343
2021-06-03,00:00:00,124.6800,124.8500,123.1300,123.5400,76229170
2021-06-02,00:00:00,124.2800,125.2400,124.0500,125.0600,59278862
2021-06-01,00:00:00,125.0800,125.3500,123.9400,124.2800,67637118
2021-05-28,00:00:00,125.5700,125.8000,124.5500,124.6100,71311109
2021-05-27,00:00:00,126.4400,127.6400,125.0800,125.2800,94625601
2021-05-26,00:00:00,126.9550,127.3900,126.4200,126.8500,56575920
2021-05-25,00:00:00,127.8200,128.3200,126.3200,126.9000,72009482
2021-05-24,00:00:00,126.0100,127.9400,125.9400,127.1000,63092945
2021-05-21,00:00:00,127.8200,128.0000,125.2100,125.4300,79295436
2021-05-20,00:00:00,125.2300,127.7200,125.1000,127.3100,76857123
2021-05-19,00:00:00,123.1600,124.9150,122.8600,124.6900,92611989
2021-05-18,00:00:00,126.5600,126.9900,124.7800,124.8500,63342929
2021-05-17,00:00:00,126.8200,126.9300,125.1700,126.2700,74244624
2021-05-14,00:00:00,126.2500,127.8900,125.8500,127.4500,81917951
2021-05-13,00:00:00,124.5800,126.1500,124.2600,124.9700,105861339
2021-05-12,00:00:00,123.4000,124.6400,122.2500,122.7700,112172282
2021-05-11,00:00:00,123.5000,126.2700,122.7700,125.9100,126142826
2021-05-10,00:00:00,129.4100,129.5400,126.8100,126.8500,88071229
2021-05-07,00:00:00,130.8500,131.2582,129.4750,130.2100,78973273
2021-05-06,00:00:00,127.8900,129.7500,127.1300,129.7400,78128334
2021-05-05,00:00:00,129.2000,130.4500,127.9700,128.1000,84000900
2021-05-04,00:00:00,131.1900,131.4899,126.7000,127.8500,137564718
2021-05-03,00:00:00,132.0400,134.0700,131.8300,132.5400,75135100
2021-04-30,00:00:00,131.7800,133.5600,131.0650,131.4600,109839466
2021-04-29,00:00:00,136.4700,137.0700,132.4500,133.4800,151100953
2021-04-28,00:00:00,134.3100,135.0200,133.0800,133.5800,107760097
2021-04-27,00:00:00,135.0100,135.4100,134.1100,134.3900,66015804
2021-04-26,00:00:00,134.8300,135.0600,133.5600,134.7200,66905069
2021-04-23,00:00:00,132.1600,135.1200,132.1600,134.3200,78756779
2021-04-22,00:00:00,133.0400,134.1500,131.4100,131.9400,84566456
2021-04-21,00:00:00,132.3600,133.7500,131.3001,133.5000,68847136
2021-04-20,00:00:00,135.0200,135.5300,131.8100,133.1100,94812349
2021-04-19,00:00:00,133.5100,135.4700,133.3400,134.8400,94264215
2021-04-16,00:00:00,134.3000,134.6700,133.2800,134.1600,84922386
2021-04-15,00:00:00,133.8200,135.0000,133.6400,134.5000,89347102
2021-04-14,00:00:00,134.9400,135.0000,131.6550,132.0300,87222782
2021-04-13,00:00:00,132.4400,134.6600,131.9300,134.4300,91266545
2021-04-12,00:00:00,132.5200,132.8500,130.6300,131.2400,91419983
2021-04-09,00:00:00,129.8000,133.0400,129.4700,132.9950,106686703
2021-04-08,00:00:00,128.9500,130.3900,128.5200,130.3600,88844591
2021-04-07,00:00:00,125.8300,127.9200,125.1400,127.9000,83466716
2021-04-06,00:00:00,126.5000,127.1300,125.6500,126.2100,80171253
2021-04-05,00:00:00,123.8700,126.1601,123.0700,125.9000,88651175
2021-04-01,00:00:00,123.6600,124.1800,122.4900,123.0000,75089134
2021-03-31,00:00:00,121.6500,123.5200,121.1500,122.1500,118323826
2021-03-30,00:00:00,120.1100,120.4031,118.8600,119.9000,85671919
2021-03-29,00:00:00,121.6500,122.5800,120.7299,121.3900,80819203
2021-03-26,00:00:00,120.3500,121.4800,118.9200,121.2100,94071234
2021-03-25,00:00:00,119.5400,121.6600,119.0000,120.5900,98844681
2021-03-24,00:00:00,122.8200,122.9000,120.0650,120.0900,88530485
2021-03-23,00:00:00,123.3300,124.2400,122.1400,122.5400,95467142
2021-03-22,00:00:00,120.3300,123.8700,120.2600,123.3900,111912284
2021-03-19,00:00:00,119.9000,121.4300,119.6750,119.9900,185549522
2021-03-18,00:00:00,122.8800,123.1800,120.3200,120.5300,121469755
2021-03-17,00:00:00,124.0500,125.8599,122.3360,124.7600,111932636
2021-03-16,00:00:00,125.7000,127.2200,124.7150,125.5700,115227936
2021-03-15,00:00:00,121.4100,124.0000,120.4200,123.9900,92590555
2021-03-12,00:00:00,120.4000,121.1700,119.1600,121.0300,88105050
2021-03-11,00:00:00,122.5400,123.2100,121.2600,121.9600,103026514
2021-03-10,00:00:00,121.6900,122.1700,119.4500,119.9800,111943326
2021-03-09,00:00:00,119.0300,122.0600,118.7900,121.0850,129525780
2021-03-08,00:00:00,120.9300,121.0000,116.2100,116.3600,154376610
2021-03-05,00:00:00,120.9800,121.9350,117.5700,121.4200,153766601
2021-03-04,00:00:00,121.7500,123.6000,118.6200,120.1300,178154975
2021-03-03,00:00:00,124.8100,125.7100,121.8400,122.0600,112966340
2021-03-02,00:00:00,128.4100,128.7200,125.0100,125.1200,102260945
2021-03-01,00:00:00,123.7500,127.9300,122.7900,127.7900,116307892
2021-02-26,00:00:00,122.5900,124.8500,121.2000,121.2600,163424672
2021-02-25,00:00:00,124.6800,126.4585,120.5400,120.9900,144766924
2021-02-24,00:00:00,124.9400,125.5600,122.2300,125.3500,111039904
2021-02-23,00:00:00,123.7600,126.7100,118.3900,125.8600,158273022
2021-02-22,00:00:00,128.0100,129.7200,125.6000,126.0000,102886922
2021-02-19,00:00:00,130.2400,130.7100,128.8000,129.8700,87668834
2021-02-18,00:00:00,129.2000,129.9950,127.4100,129.7100,96856748
2021-02-17,00:00:00,131.2500,132.2200,129.4700,130.8400,97372199
2021-02-16,00:00:00,135.4900,136.0100,132.7900,133.1900,80576316
2021-02-12,00:00:00,134.3500,135.5300,133.6921,135.3700,60145130
2021-02-11,00:00:00,135.9000,136.3900,133.7700,135.1300,64280029
2021-02-10,00:00:00,136.4800,136.9900,134.4000,135.3900,72647988
2021-02-09,00:00:00,136.6200,137.8770,135.8500,136.0100,75986989
2021-02-08,00:00:00,136.0300,136.9600,134.9200,136.9100,71297214
2021-02-05,00:00:00,137.3500,137.4200,135.8600,136.7600,75693830
2021-02-04,00:00:00,136.3000,137.4000,134.5900,137.3900,84183061
2021-02-03,00:00:00,135.7600,135.7700,133.6100,133.9400,89880937
2021-02-02,00:00:00,135.7300,136.3100,134.6100,134.9900,82266419
2021-02-01,00:00:00,133.7500,135.3800,130.9300,134.1400,106239823
2021-01-29,00:00:00,135.8300,136.7400,130.2100,131.9600,177523812
2021-01-28,00:00:00,139.5200,141.9900,136.7000,137.0900,142621128
2021-01-27,00:00:00,143.4300,144.3000,140.4100,142.0600,140843759
2021-01-26,00:00:00,143.6000,144.3000,141.3700,143.1600,98390555
2021-01-25,00:00:00,143.0700,145.0900,136.5400,142.9200,157611713
2021-01-22,00:00:00,136.2800,139.8500,135.0200,139.0700,114459360
2021-01-21,00:00:00,133.8000,139.6700,133.5900,136.8700,120529544
2021-01-20,00:00:00,128.6600,132.4900,128.5500,132.0300,104319489
2021-01-19,00:00:00,127.7800,128.7100,126.9380,127.8300,90757329
2021-01-15,00:00:00,128.7800,130.2242,127.0000,127.1400,111598531
2021-01-14,00:00:00,130.8000,131.0000,128.7600,128.9100,90221755
2021-01-13,00:00:00,128.7600,131.4500,128.4900,130.8900,88636831
2021-01-12,00:00:00,128.5000,129.6900,126.8600,128.8000,90440255
2021-01-11,00:00:00,129.1900,130.1700,128.5000,128.9800,100620880
2021-01-08,00:00:00,132.4300,132.6300,130.2300,132.0500,105158245
2021-01-07,00:00:00,128.3600,131.6300,127.8600,130.9200,109578157
2021-01-06,00:00:00,127.7200,131.0499,126.3820,126.6000,155087970
2021-01-05,00:00:00,128.8900,131.7400,128.4300,131.0100,97664898
2021-01-04,00:00:00,133.5200,133.6116,126.7600,129.4100,143301887
2020-12-31,00:00:00,134.0800,134.7400,131.7200,132.6900,99116586
2020-12-30,00:00:00,135.5800,135.9900,133.4000,133.7200,96452124
2020-12-29,00:00:00,138.0500,138.7890,134.3409,134.8700,121047324
2020-12-28,00:00:00,133.9900,137.3400,133.5100,136.6900,123124632
2020-12-24,00:00:00,131.3200,133.4600,131.1000,131.9700,54930064
2020-12-23,00:00:00,132.1600,132.4300,130.7800,130.9600,88223692
2020-12-22,00:00:00,131.6100,134.4050,129.6500,131.8800,169351825
2020-12-21,00:00:00,125.0200,128.3100,123.4490,128.2300,121251553
2020-12-18,00:00:00,128.9600,129.1000,126.1200,126.6550,192541496
2020-12-17,00:00:00,128.9000,129.5800,128.0450,128.7000,94359811
2020-12-16,00:00:00,127.4100,128.3700,126.5600,127.8100,98208591
2020-12-15,00:00:00,124.3400,127.9000,124.1300,127.8800,157572262
2020-12-14,00:00:00,122.6000,123.3500,121.5400,121.7800,79075988
2020-12-11,00:00:00,122.4300,122.7600,120.5500,122.4100,86939786
2020-12-10,00:00:00,120.5000,123.8700,120.1500,123.2400,81312170
2020-12-09,00:00:00,124.5300,125.9500,121.0000,121.7800,115089193
2020-12-08,00:00:00,124.3700,124.9800,123.0900,124.3800,82225512
2020-12-07,00:00:00,122.3100,124.5700,122.2500,123.7500,86711990
2020-12-04,00:00:00,122.6000,122.8608,121.5200,122.2500,78260421
2020-12-03,00:00:00,123.5200,123.7800,122.2100,122.9400,78967630
2020-12-02,00:00:00,122.0200,123.3700,120.8900,123.0800,89004195
2020-12-01,00:00:00,121.0100,123.4693,120.0100,122.7200,125920963
2020-11-30,00:00:00,116.9700,120.9700,116.8100,119.0500,169410176
2020-11-27,00:00:00,116.5700,117.4900,116.2200,116.5900,46691331
2020-11-25,00:00:00,115.5500,116.7500,115.1700,116.0300,76499234
2020-11-24,00:00:00,113.9100,115.8500,112.5900,115.1700,113226248
2020-11-23,00:00:00,117.1800,117.6202,113.7500,113.8500,127959318
2020-11-20,00:00:00,118.6400,118.7700,117.2900,117.3400,73604287
2020-11-19,00:00:00,117.5900,119.0600,116.8100,118.6400,74112972
2020-11-18,00:00:00,118.6100,119.8200,118.0000,118.0300,76322111
2020-11-17,00:00:00,119.5500,120.6741,118.9600,119.3900,74270973
2020-11-16,00:00:00,118.9200,120.9900,118.1460,120.3000,91183018
2020-11-13,00:00:00,119.4400,119.6717,117.8700,119.2600,81688586
2020-11-12,00:00:00,119.6200,120.5300,118.5700,119.2100,103350674
2020-11-11,00:00:00,117.1900,119.6300,116.4400,119.4900,112294954
2020-11-10,00:00:00,115.5500,117.5900,114.1300,115.9700,138023390
2020-11-09,00:00:00,120.5000,121.9900,116.0500,116.3200,154515315
2020-11-06,00:00:00,118.3200,119.2000,116.1300,118.6900,114457922
2020-11-05,00:00:00,117.9500,119.6200,116.8686,119.0300,126387074
2020-11-04,00:00:00,114.1400,115.5900,112.3500,114.9500,138235482
2020-11-03,00:00:00,109.6600,111.4900,108.7300,110.4400,107624448
2020-11-02,00:00:00,109.1100,110.6800,107.3200,108.7700,122866899
2020-10-30,00:00:00,111.0600,111.9900,107.7200,108.8600,190573476
2020-10-29,00:00:00,112.3700,116.9300,112.2000,115.3200,146129173
2020-10-28,00:00:00,115.0500,115.4300,111.1000,111.2000,143937823
2020-10-27,00:00:00,115.4900,117.2800,114.5399,116.6000,92276772
2020-10-26,00:00:00,114.0100,116.5500,112.8800,115.0500,111850657
2020-10-23,00:00:00,116.3900,116.5500,114.2800,115.0400,82572645
2020-10-22,00:00:00,117.4500,118.0400,114.5900,115.7500,101987954
2020-10-21,00:00:00,116.6700,118.7050,116.4500,116.8700,89945980
2020-10-20,00:00:00,116.2000,118.9800,115.6300,117.5100,124423728
2020-10-19,00:00:00,119.9600,120.4190,115.6600,115.9800,120639337
2020-10-16,00:00:00,121.2800,121.5480,118.8100,119.0200,115393808
2020-10-15,00:00:00,118.7200,121.2000,118.1500,120.7100,112559219
2020-10-14,00:00:00,121.0000,123.0300,119.6200,121.1900,151062308
2020-10-13,00:00:00,125.2700,125.3900,119.6500,121.1000,262330451
2020-10-12,00:00:00,120.0600,125.1800,119.2845,124.4000,240226769
2020-10-09,00:00:00,115.2800,117.0000,114.9200,116.9700,100506865
2020-10-08,00:00:00,116.2500,116.4000,114.5901,114.9700,83477153
2020-10-07,00:00:00,114.6200,115.5500,114.1300,115.0800,96848985
2020-10-06,00:00:00,115.7000,116.1200,112.2500,113.1600,161498212
2020-10-05,00:00:00,113.9100,116.6500,113.5500,116.5000,106243839
2020-10-02,00:00:00,112.8900,115.3700,112.2200,113.0200,144711986
2020-10-01,00:00:00,117.6400,117.7200,115.8300,116.7900,116120440
2020-09-30,00:00:00,113.7900,117.2600,113.6200,115.8100,142675184
2020-09-29,00:00:00,114.5500,115.3100,113.5700,114.0900,100060526
2020-09-28,00:00:00,115.0100,115.3200,112.7800,114.9600,137672403
2020-09-25,00:00:00,108.4300,112.4400,107.6700,112.2800,149981441
2020-09-24,00:00:00,105.1700,110.2500,105.0000,108.2200,167743349
2020-09-23,00:00:00,111.6200,112.1100,106.7700,107.1200,150718671
2020-09-22,00:00:00,112.6800,112.8600,109.1600,111.8100,183055373
2020-09-21,00:00:00,104.5400,110.1900,103.1000,110.0800,195713815
2020-09-18,00:00:00,110.4000,110.8800,106.0900,106.8400,287104882
2020-09-17,00:00:00,109.7200,112.2000,108.7100,110.3400,178010968
2020-09-16,00:00:00,115.2300,116.0000,112.0400,112.1300,155026675
2020-09-15,00:00:00,118.3300,118.8290,113.6100,115.5400,184642039
2020-09-14,00:00:00,114.7200,115.9300,112.8000,115.3550,140150087
2020-09-11,00:00:00,114.5700,115.2300,110.0000,112.0000,180860325
2020-09-10,00:00:00,120.3600,120.5000,112.5000,113.4900,182274391
2020-09-09,00:00:00,117.2600,119.1400,115.2600,117.3200,176940455
2020-09-08,00:00:00,113.9500,118.9900,112.6800,112.8200,231366563
2020-09-04,00:00:00,120.0700,123.7000,110.8900,120.9600,332607163
2020-09-03,00:00:00,126.9100,128.8400,120.5000,120.8800,257599640
2020-09-02,00:00:00,137.5900,137.9800,127.0000,131.4000,200118991
2020-09-01,00:00:00,132.7600,134.8000,130.5300,134.1800,152470142
2020-08-31,00:00:00,127.5800,131.0000,126.0000,129.0400,223505733
2020-08-28,00:00:00,126.0125,126.4425,124.5775,124.8075,187629916
2020-08-27,00:00:00,127.1425,127.485,123.8325,125.01,155552384
2020-08-26,00:00:00,126.179125,126.9925,125.0825,126.5225,163022268
2020-08-25,00:00:00,124.6975,125.1793,123.0525,124.825,211495788
2020-08-24,00:00:00,128.6975,128.785,123.93625,125.8575,345937768
2020-08-21,00:00:00,119.2625,124.868,119.25,124.37,338054640
2020-08-20,00:00:00,115.75,118.392,115.733375,118.275,126907188
2020-08-19,00:00:00,115.98325,117.1625,115.61,115.7075,145538008
2020-08-18,00:00:00,114.3525,116.0,114.0075,115.5625,105633540
2020-08-17,00:00:00,116.0625,116.0875,113.962525,114.6075,117725656
2020-08-14,00:00:00,114.82875,115.0,113.045,114.9075,165565208
2020-08-13,00:00:00,114.43,116.0425,113.9275,115.01,210082064
2020-08-12,00:00:00,110.4975,113.275,110.2975,113.01,165944820
2020-08-11,00:00:00,111.96875,112.4825,109.106675,109.375,187902376
2020-08-10,00:00:00,112.6,113.775,110.0,112.7275,212403424
2020-08-07,00:00:00,113.205,113.675,110.2925,111.1125,198045612
2020-08-06,00:00:00,110.405,114.4125,109.7975,113.9025,202428900
2020-08-05,00:00:00,109.3775,110.3925,108.8975,110.0625,121991952
2020-08-04,00:00:00,109.1325,110.79,108.3875,109.665,172792368
2020-08-03,00:00:00,108.2,111.636425,107.8925,108.9375,308151388
2020-07-31,00:00:00,102.88375,106.415,100.825,106.26,374295468
2020-07-30,00:00:00,94.1875,96.2975,93.7675,96.19,158130020
2020-07-29,00:00:00,93.75,95.23,93.7125,95.04,90329256
2020-07-28,00:00:00,94.3675,94.54965,93.2475,93.2525,103625500
2020-07-27,00:00:00,93.71,94.905,93.48,94.81,121214192
2020-07-24,00:00:00,90.9875,92.97,89.145,92.615,185438864
2020-07-23,00:00:00,96.998375,97.0775,92.00975,92.845,197004432
2020-07-22,00:00:00,96.6925,97.975,96.6025,97.2725,89001652
2020-07-21,00:00:00,99.1725,99.25,96.7425,97.0,102509388
2020-07-20,00:00:00,96.4175,98.5,96.0625,98.3575,89588832
2020-07-17,00:00:00,96.9875,97.1475,95.84,96.3275,92187020
2020-07-16,00:00:00,96.5625,97.405,95.905,96.5225,110583708
2020-07-15,00:00:00,98.99,99.2475,96.49,97.725,153227496
2020-07-14,00:00:00,94.84,97.255,93.8775,97.0575,170992476
2020-07-13,00:00:00,97.265,99.955,95.2575,95.4775,191652316
2020-07-10,00:00:00,95.335,95.98,94.705,95.92,90257320
2020-07-09,00:00:00,96.2625,96.3175,94.6725,95.7525,125681428
2020-07-08,00:00:00,94.18,95.375,94.09,95.3425,117097916
2020-07-07,00:00:00,93.8525,94.655,93.0575,93.1725,112827996
2020-07-06,00:00:00,92.5,93.945,92.4675,93.4625,118983744
2020-07-02,00:00:00,91.9625,92.6175,90.91,91.0275,115258064
2020-07-01,00:00:00,91.28,91.84,90.9775,91.0275,110761816
2020-06-30,00:00:00,90.02,91.495,90.0,91.2,140223284
2020-06-29,00:00:00,88.3125,90.5434,87.82,90.445,130646076
2020-06-26,00:00:00,91.1025,91.33,88.255,88.4075,205256844
2020-06-25,00:00:00,90.175,91.25,89.3925,91.21,137522512
2020-06-24,00:00:00,91.25,92.1975,89.63,90.015,192623396
2020-06-23,00:00:00,91.0,93.095,90.5675,91.6325,212155476
2020-06-22,00:00:00,87.835,89.865,87.7875,89.7175,135445264
2020-06-19,00:00:00,88.66,89.14,86.2875,87.43,264475808
2020-06-18,00:00:00,87.8525,88.3625,87.305,87.9325,96820384
2020-06-17,00:00:00,88.7875,88.85,87.7725,87.8975,114406504
2020-06-16,00:00:00,87.865,88.3,86.18,88.02,165428728
2020-06-15,00:00:00,83.3125,86.42,83.145,85.7475,138808920
2020-06-12,00:00:00,86.18,86.95,83.555,84.7,200146052
2020-06-11,00:00:00,87.3275,87.765,83.87,83.975,201662452
2020-06-10,00:00:00,86.975,88.6925,86.5225,88.21,166651752
2020-06-09,00:00:00,83.035,86.4025,83.0025,85.9975,147712364
2020-06-08,00:00:00,82.5625,83.4,81.83,83.365,95654536
2020-06-05,00:00:00,80.8375,82.9375,80.8075,82.875,137250200
2020-06-04,00:00:00,81.0975,81.405,80.195,80.58,87560364
2020-06-03,00:00:00,81.165,81.55,80.575,81.28,104491216
2020-06-02,00:00:00,80.1875,80.86,79.7325,80.835,87642816
2020-06-01,00:00:00,79.4375,80.5875,79.3025,80.4625,81018612
2020-05-29,00:00:00,79.8125,80.2875,79.1175,79.485,153598128
2020-05-28,00:00:00,79.1925,80.86,78.9075,79.5625,133796412
2020-05-27,00:00:00,79.035,79.6775,78.2725,79.5275,112945096
2020-05-26,00:00:00,80.875,81.06,79.125,79.1825,125521816
2020-05-22,00:00:00,78.9425,79.8075,78.8375,79.7225,81803016
2020-05-21,00:00:00,79.665,80.2225,78.9675,79.2125,102688844
2020-05-20,00:00:00,79.17,79.88,79.13,79.8075,111504860
2020-05-19,00:00:00,78.7575,79.63,78.2525,78.285,101729540
2020-05-18,00:00:00,78.2925,79.125,77.58,78.74,135372500
2020-05-15,00:00:00,75.0875,76.975,75.0525,76.9275,166348376
2020-05-14,00:00:00,76.1275,77.4475,75.3825,77.385,158929076
2020-05-13,00:00:00,78.0375,78.9875,75.8025,76.9125,200622556
2020-05-12,00:00:00,79.4575,79.9225,77.7275,77.8525,162301052
2020-05-11,00:00:00,77.025,79.2625,76.81,78.7525,145946244
2020-05-08,00:00:00,76.41,77.5875,76.0725,77.5325,134047940
2020-05-07,00:00:00,75.805,76.2925,75.4925,75.935,115215056
2020-05-06,00:00:00,75.115,75.81,74.7175,75.1575,142333752
2020-05-05,00:00:00,73.765,75.25,73.615,74.39,147751180
2020-05-04,00:00:00,72.2925,73.4225,71.58,73.29,133567944
2020-05-01,00:00:00,71.5625,74.75,71.4625,72.2675,240616700
2020-04-30,00:00:00,72.49,73.6325,72.0875,73.45,183063872
2020-04-29,00:00:00,71.1825,72.4175,70.9725,71.9325,137280816
2020-04-28,00:00:00,71.27,71.4575,69.55,69.645,112004748
2020-04-27,00:00:00,70.45,71.135,69.9875,70.7925,117087572
2020-04-24,00:00:00,69.3,70.7525,69.25,70.7425,126508732
2020-04-23,00:00:00,68.9675,70.4375,68.7175,68.7575,124814328
2020-04-22,00:00:00,68.4025,69.475,68.05,69.025,117057368
2020-04-21,00:00:00,69.07,69.3125,66.3575,67.0925,180991572
2020-04-20,00:00:00,69.4875,70.42,69.2125,69.2325,130015000
2020-04-17,00:00:00,71.1725,71.7375,69.215,70.7,215249912
2020-04-16,00:00:00,71.845,72.05,70.5875,71.6725,157125160
2020-04-15,00:00:00,70.6,71.5825,70.1575,71.1075,131154564
2020-04-14,00:00:00,70.0,72.0625,69.5125,71.7625,194994688
2020-04-13,00:00:00,67.0775,68.425,66.4575,68.3125,131022924
2020-04-09,00:00:00,67.175,67.5175,66.175,66.9975,162116492
2020-04-08,00:00:00,65.685,66.8425,65.3075,66.5175,168895284
2020-04-07,00:00:00,67.7,67.925,64.75,64.8575,202887324
2020-04-06,00:00:00,62.725,65.7775,62.345,65.6175,201820284
2020-04-03,00:00:00,60.7,61.425,59.7425,60.3525,129880068
2020-04-02,00:00:00,60.085,61.2875,59.225,61.2325,165933972
2020-04-01,00:00:00,61.625,62.18,59.7825,60.2275,176218552
2020-03-31,00:00:00,63.9,65.6225,63.0,63.5725,197002004
2020-03-30,00:00:00,62.685,63.88,62.35,63.7025,167976440
2020-03-27,00:00:00,63.1875,63.9675,61.7625,61.935,204216612
2020-03-26,00:00:00,61.63,64.67,61.59,64.61,252560676
2020-03-25,00:00:00,62.6875,64.5625,61.075,61.38,303602040
2020-03-24,00:00:00,59.09,61.9225,58.575,61.72,287531092
2020-03-23,00:00:00,57.02,57.125,53.1525,56.0925,336752832
2020-03-20,00:00:00,61.795,62.9575,57.0,57.31,401693384
2020-03-19,00:00:00,61.8475,63.21,60.6525,61.195,271857020
2020-03-18,00:00:00,59.9425,62.5,59.28,61.6675,300233624
2020-03-17,00:00:00,61.8775,64.4025,59.6,63.215,324055860
2020-03-16,00:00:00,60.4875,64.77,60.0,60.5525,322423460
2020-03-13,00:00:00,66.2225,69.98,63.2375,69.4925,370732128
2020-03-12,00:00:00,63.985,67.5,62.0,62.0575,418474068
2020-03-11,00:00:00,69.3475,70.305,67.965,68.8575,256379880
2020-03-10,00:00:00,69.285,71.61,67.3425,71.335,285290080
2020-03-09,00:00:00,65.9375,69.5225,65.75,66.5425,286744832
2020-03-06,00:00:00,70.5,72.705,70.3075,72.2575,226176984
2020-03-05,00:00:00,73.88,74.8875,72.8525,73.23,187572876
2020-03-04,00:00:00,74.11,75.85,73.2825,75.685,219178272
2020-03-03,00:00:00,75.9175,76.0,71.45,72.33,319475408
2020-03-02,00:00:00,70.57,75.36,69.43,74.7025,341397356
2020-02-28,00:00:00,64.315,69.6025,64.0925,68.34,426884920
2020-02-27,00:00:00,70.275,71.5,68.24,68.38,320605524
2020-02-26,00:00:00,71.6325,74.47,71.625,73.1625,198713724
2020-02-25,00:00:00,75.2375,75.6325,71.5325,72.02,230673456
2020-02-24,00:00:00,74.315,76.045,72.3075,74.545,222195312
2020-02-21,00:00:00,79.655,80.1125,77.625,78.2625,129705660
2020-02-20,00:00:00,80.6575,81.1625,79.5525,80.075,100565956
2020-02-19,00:00:00,80.0,81.1425,80.0,80.905,93983964
2020-02-18,00:00:00,78.84,79.9375,78.6525,79.75,152762180
2020-02-14,00:00:00,81.185,81.495,80.7125,81.2375,80113788
2020-02-13,00:00:00,81.0475,81.555,80.8375,81.2175,94747568
2020-02-12,00:00:00,80.3675,81.805,80.3675,81.8,113730292
2020-02-11,00:00:00,80.9,80.975,79.6775,79.9025,94323120
2020-02-10,00:00:00,78.545,80.3875,78.4625,80.3875,109348860
2020-02-07,00:00:00,80.5925,80.85,79.5,80.0075,117684048
2020-02-06,00:00:00,80.6425,81.305,80.065,81.3025,105425540
2020-02-05,00:00:00,80.88,81.19,79.7375,80.3625,118826872
2020-02-04,00:00:00,78.8275,79.91,78.4075,79.7125,136616536
2020-02-03,00:00:00,76.075,78.3725,75.555,77.165,173985604
2020-01-31,00:00:00,80.2325,80.67,77.0725,77.3775,199588384
2020-01-30,00:00:00,80.135,81.0225,79.6875,80.9675,126743232
2020-01-29,00:00:00,81.1125,81.9625,80.345,81.085,216599712
2020-01-28,00:00:00,78.15,79.6,78.0475,79.4225,162233944
2020-01-27,00:00:00,77.515,77.9425,76.22,77.2375,161940020
2020-01-24,00:00:00,80.0625,80.8325,79.38,79.5775,146537520
2020-01-23,00:00:00,79.48,79.89,78.9125,79.8075,104471972
2020-01-22,00:00:00,79.645,79.9975,79.3275,79.425,101832460
2020-01-21,00:00:00,79.2975,79.755,79.0,79.1425,108940156
2020-01-17,00:00:00,79.0675,79.685,78.75,79.6825,137816468
2020-01-16,00:00:00,78.3975,78.925,78.0225,78.81,108829016
2020-01-15,00:00:00,77.9625,78.875,77.3875,77.835,121923528
2020-01-14,00:00:00,79.175,79.3925,78.0425,78.17,162613828
2020-01-13,00:00:00,77.91,79.2675,77.7875,79.24,120114968
2020-01-10,00:00:00,77.65,78.1675,77.0625,77.5825,140869088
2020-01-09,00:00:00,76.81,77.6075,76.55,77.4075,170486168
2020-01-08,00:00:00,74.29,76.11,74.29,75.7975,132363784
2020-01-07,00:00:00,74.96,75.225,74.37,74.5975,111510620
2020-01-06,00:00:00,73.4475,74.99,73.1875,74.95,118578576
2020-01-03,00:00:00,74.2875,75.145,74.125,74.3575,146535512
2020-01-02,00:00:00,74.06,75.15,73.7975,75.0875,135647456
2019-12-31,00:00:00,72.4825,73.42,72.38,73.4125,100990500
2019-12-30,00:00:00,72.365,73.1725,71.305,72.88,144238456
2019-12-27,00:00:00,72.78,73.4925,72.03,72.45,146371744
2019-12-26,00:00:00,71.205,72.495,71.175,72.4775,93336016
2019-12-24,00:00:00,71.1725,71.2225,70.73,71.0675,48478856
2019-12-23,00:00:00,70.1325,71.0625,70.0925,71.0,98711532
2019-12-20,00:00:00,70.5575,70.6625,69.64,69.86,276130972
2019-12-19,00:00:00,69.875,70.295,69.7375,70.005,98507788
2019-12-18,00:00:00,69.95,70.475,69.78,69.935,116098748
2019-12-17,00:00:00,69.8925,70.4425,69.7,70.1025,114303192
2019-12-16,00:00:00,69.25,70.1975,69.245,69.965,128324420
2019-12-13,00:00:00,67.865,68.825,67.7325,68.7875,133731224
2019-12-12,00:00:00,66.945,68.14,66.83,67.865,137748168
2019-12-11,00:00:00,67.2025,67.775,67.125,67.6925,78893564
2019-12-10,00:00:00,67.15,67.5175,66.465,67.12,90529532
2019-12-09,00:00:00,67.5,67.7,66.2275,66.73,128730580
2019-12-06,00:00:00,66.87,67.75,66.825,67.6775,106189972
2019-12-05,00:00:00,65.9475,66.4725,65.6825,66.395,74645372
2019-12-04,00:00:00,65.2675,65.8275,65.17,65.435,67241552
2019-12-03,00:00:00,64.5775,64.8825,64.0725,64.8625,117509072
2019-12-02,00:00:00,66.8175,67.0625,65.8625,66.04,94774200
2019-11-29,00:00:00,66.65,67.0,66.475,66.8125,46617452
2019-11-27,00:00:00,66.395,66.995,66.3275,66.96,65544488
2019-11-26,00:00:00,66.735,66.79,65.625,66.0725,105339528
2019-11-25,00:00:00,65.6775,66.61,65.63,66.5925,84118068
2019-11-22,00:00:00,65.6475,65.795,65.21,65.445,65325052
2019-11-21,00:00:00,65.9225,66.0025,65.295,65.5025,121395112
2019-11-20,00:00:00,66.385,66.52,65.1,65.7975,106439676
2019-11-19,00:00:00,66.975,67.0,66.3475,66.5725,76278388
2019-11-18,00:00:00,66.45,66.8575,66.0575,66.775,86803588
2019-11-15,00:00:00,65.92,66.445,65.7525,66.44,100374664
2019-11-14,00:00:00,65.9375,66.22,65.525,65.66,89582224
2019-11-13,00:00:00,65.2825,66.195,65.2675,66.1175,103270372
2019-11-12,00:00:00,65.3875,65.6975,65.23,65.49,87388904
2019-11-11,00:00:00,64.575,65.6175,64.57,65.55,82029836
2019-11-08,00:00:00,64.6725,65.11,64.2125,65.035,70081980
2019-11-07,00:00:00,64.685,65.0875,64.5275,64.8575,94940332
2019-11-06,00:00:00,64.1925,64.3725,63.8425,64.31,75864496
2019-11-05,00:00:00,64.2625,64.5475,64.08,64.2825,79897708
2019-11-04,00:00:00,64.3325,64.4625,63.845,64.375,103271808
2019-11-01,00:00:00,62.385,63.9825,62.29,63.955,151125336
2019-10-31,00:00:00,61.81,62.2925,59.315,62.19,139162080
2019-10-30,00:00:00,61.19,61.325,60.3025,60.815,124522088
2019-10-29,00:00:00,62.2425,62.4375,60.6425,60.8225,142839468
2019-10-28,00:00:00,61.855,62.3125,61.68,62.2625,94621472
2019-10-25,00:00:00,60.79,61.6825,60.72,61.645,73477184
2019-10-24,00:00:00,61.1275,61.2,60.4525,60.895,71665020
2019-10-23,00:00:00,60.525,60.81,60.305,60.795,79730180
2019-10-22,00:00:00,60.29,60.55,59.905,59.99,90736004
2019-10-21,00:00:00,59.38,60.2475,59.33,60.1275,87246268
2019-10-18,00:00:00,58.6475,59.395,58.5725,59.1025,96992092
2019-10-17,00:00:00,58.7725,59.0375,58.38,58.82,69091588
2019-10-16,00:00:00,58.3425,58.81,58.3,58.5925,77146776
2019-10-15,00:00:00,59.0975,59.4125,58.72,58.83,92161932
2019-10-14,00:00:00,58.725,59.5325,58.6675,58.9675,97653936
2019-10-11,00:00:00,58.2375,59.41,58.0775,59.0525,167960840
2019-10-10,00:00:00,56.9825,57.61,56.825,57.5225,115851936
2019-10-09,00:00:00,56.7575,56.9475,56.41,56.7575,76117696
2019-10-08,00:00:00,56.455,57.015,56.0825,56.1,117130800
2019-10-07,00:00:00,56.5675,57.4825,56.46,56.765,123557076
2019-10-04,00:00:00,56.41,56.8725,55.9725,56.7525,139022212
2019-10-03,00:00:00,54.6075,55.24,53.7825,55.205,121410744
2019-10-02,00:00:00,55.765,55.895,54.4825,54.74,143069028
2019-10-01,00:00:00,56.2675,57.055,56.05,56.1475,144748652
2019-09-30,00:00:00,55.225,56.145,55.1975,55.9925,105274332
2019-09-27,00:00:00,55.135,55.24,54.32,54.705,101445140
2019-09-26,00:00:00,55.0,55.235,54.7075,54.9725,76353248
2019-09-25,00:00:00,54.6375,55.375,54.285,55.2575,89924024
2019-09-24,00:00:00,55.2575,55.6225,54.2975,54.42,125737468
2019-09-23,00:00:00,54.7375,54.96,54.4125,54.68,77678592
2019-09-20,00:00:00,55.345,55.64,54.3675,54.4325,231908376
2019-09-19,00:00:00,55.5025,55.94,55.0925,55.24,88751504
2019-09-18,00:00:00,55.265,55.7125,54.86,55.6925,102572372
2019-09-17,00:00:00,54.99,55.205,54.78,55.175,73545872
2019-09-16,00:00:00,54.4325,55.0325,54.39,54.975,84632564
2019-09-13,00:00:00,55.0,55.1975,54.255,54.6875,159053184
2019-09-12,00:00:00,56.2,56.605,55.715,55.7725,128906676
2019-09-11,00:00:00,54.5175,55.9275,54.4325,55.8975,177158584
2019-09-10,00:00:00,53.465,54.195,52.9275,54.175,127111724
2019-09-09,00:00:00,53.71,54.11,52.7675,53.5425,109237604
2019-09-06,00:00:00,53.5125,53.605,53.1275,53.315,77449176
2019-09-05,00:00:00,53.0,53.4925,52.8775,53.32,95787936
2019-09-04,00:00:00,52.0975,52.37,51.83,52.2975,76867280
2019-09-03,00:00:00,51.6075,51.745,51.055,51.425,80238296
2019-08-30,00:00:00,52.54,52.6125,51.8,52.185,84650244
2019-08-29,00:00:00,52.125,52.33,51.665,52.2525,84030608
2019-08-28,00:00:00,51.025,51.43,50.83,51.3825,63830528
2019-08-27,00:00:00,51.965,52.1375,50.8825,51.04,103589376
2019-08-26,00:00:00,51.465,51.7975,51.265,51.6225,104264520
2019-08-23,00:00:00,52.3575,53.0125,50.25,50.66,187531372
2019-08-22,00:00:00,53.2975,53.61,52.6875,53.115,89071276
2019-08-21,00:00:00,53.2475,53.4125,52.9,53.16,86258988
2019-08-20,00:00:00,52.72,53.3375,52.58,52.59,107678116
2019-08-19,00:00:00,52.655,53.1825,52.5075,52.5875,97727660
2019-08-16,00:00:00,51.07,51.79,50.96,51.625,115254496
2019-08-15,00:00:00,50.865,51.285,49.9175,50.435,111533452
2019-08-14,00:00:00,50.79,51.61,50.6475,50.6875,146189772
2019-08-13,00:00:00,50.255,53.035,50.12,52.2425,190159144
2019-08-12,00:00:00,49.905,50.5125,49.7875,50.12,89927556
2019-08-09,00:00:00,50.325,50.69,49.8225,50.2475,98478984
2019-08-08,00:00:00,50.05,50.8825,49.8475,50.8575,108038092
2019-08-07,00:00:00,48.8525,49.89,48.455,49.76,133457600
2019-08-06,00:00:00,49.0775,49.5175,48.51,49.25,143299148
2019-08-05,00:00:00,49.4975,49.6625,48.145,48.335,209571876
2019-08-02,00:00:00,51.3825,51.6075,50.4075,51.005,163448488
2019-08-01,00:00:00,53.475,54.5075,51.685,52.1075,216071688
2019-07-31,00:00:00,54.105,55.3425,52.825,53.26,277125444
2019-07-30,00:00:00,52.19,52.54,51.8275,52.195,135742872
2019-07-29,00:00:00,52.115,52.66,52.11,52.42,86693556
2019-07-26,00:00:00,51.87,52.4325,51.785,51.935,70475496
2019-07-25,00:00:00,52.2225,52.31,51.6825,51.755,55638140
2019-07-24,00:00:00,51.9175,52.2875,51.7925,52.1675,59966268
2019-07-23,00:00:00,52.115,52.2275,51.8225,52.21,73420840
2019-07-22,00:00:00,50.9125,51.8075,50.9025,51.805,89111728
2019-07-19,00:00:00,51.4475,51.625,50.59,50.6475,83717228
2019-07-18,00:00:00,51.0,51.47,50.925,51.415,74328644
2019-07-17,00:00:00,51.0125,51.2725,50.8175,50.8375,56429800
2019-07-16,00:00:00,51.1475,51.5275,50.875,51.125,67467264
2019-07-15,00:00:00,51.0225,51.4675,51.0,51.3025,67789680
2019-07-12,00:00:00,50.6125,51.0,50.55,50.825,70380848
2019-07-11,00:00:00,50.8275,51.0975,50.4275,50.4375,80767368
2019-07-10,00:00:00,50.4625,50.9325,50.39,50.8075,71588552
2019-07-09,00:00:00,49.8,50.3775,49.7025,50.31,82312060
2019-07-08,00:00:00,50.2025,50.35,49.6025,50.005,101354512
2019-07-05,00:00:00,50.8375,51.27,50.725,51.0575,69062072
2019-07-03,00:00:00,50.82,51.11,50.6725,51.1025,45448180
2019-07-02,00:00:00,50.3525,50.7825,50.34,50.6825,67740868
2019-07-01,00:00:00,50.7925,51.1225,50.1625,50.3875,109266956
2019-06-28,00:00:00,49.67,49.875,49.2625,49.48,124442568
2019-06-27,00:00:00,50.0725,50.3925,49.8925,49.935,83598868
2019-06-26,00:00:00,49.4425,50.2475,49.3375,49.95,104270048
2019-06-25,00:00:00,49.6075,49.815,48.8225,48.8925,84281336
2019-06-24,00:00:00,49.635,50.04,49.5425,49.645,72881684
2019-06-21,00:00:00,49.7,50.2125,49.5375,49.695,191202356
2019-06-20,00:00:00,50.0925,50.1525,49.5075,49.865,86055952
2019-06-19,00:00:00,49.92,49.97,49.3275,49.4675,84496940
2019-06-18,00:00:00,49.0125,50.0725,48.8025,49.6125,106204016
2019-06-17,00:00:00,48.225,48.74,48.0425,48.4725,58676576
2019-06-14,00:00:00,47.8875,48.3975,47.575,48.185,75045896
2019-06-13,00:00:00,48.675,49.1975,48.4,48.5375,86698500
2019-06-12,00:00:00,48.4875,48.9925,48.3475,48.5475,73012756
2019-06-11,00:00:00,48.715,49.0,48.4,48.7025,107731528
2019-06-10,00:00:00,47.9525,48.8425,47.905,48.145,104883404
2019-06-07,00:00:00,46.6275,47.98,46.4425,47.5375,122737572
2019-06-06,00:00:00,45.77,46.3675,45.5375,46.305,90105244
2019-06-05,00:00:00,46.07,46.2475,45.285,45.635,119093708
2019-06-04,00:00:00,43.86,44.9575,43.63,44.91,123871844
2019-06-03,00:00:00,43.9,44.48,42.5675,43.325,161584276
2019-05-31,00:00:00,44.0575,44.4975,43.7475,43.7675,108174336
2019-05-30,00:00:00,44.4875,44.8075,44.1675,44.575,84873648
2019-05-29,00:00:00,44.105,44.8375,44.0,44.345,113924660
2019-05-28,00:00:00,44.73,45.1475,44.4775,44.5575,111792640
2019-05-24,00:00:00,45.05,45.535,44.655,44.7425,94858744
2019-05-23,00:00:00,44.95,45.135,44.4525,44.915,146118944
2019-05-22,00:00:00,46.165,46.4275,45.6375,45.695,118994224
2019-05-21,00:00:00,46.305,47.0,46.175,46.65,113459392
2019-05-20,00:00:00,45.88,46.0875,45.07,45.7725,154449160
2019-05-17,00:00:00,46.7325,47.725,46.69,47.25,131516360
2019-05-16,00:00:00,47.4775,48.1175,47.21,47.52,132125456
2019-05-15,00:00:00,46.5675,47.9375,46.505,47.73,106178872
2019-05-14,00:00:00,46.6025,47.425,46.3525,47.165,146118708
2019-05-13,00:00:00,46.9275,47.37,45.7125,46.43,229722492
2019-05-10,00:00:00,49.355,49.7125,48.1925,49.295,164834848
2019-05-09,00:00:00,50.1,50.42,49.165,50.18,139634428
2019-05-08,00:00:00,50.475,51.335,50.4375,50.725,105358016
2019-05-07,00:00:00,51.47,51.855,50.2075,50.715,155054792
2019-05-06,00:00:00,51.0725,52.21,50.875,52.12,129772452
2019-05-03,00:00:00,52.7225,52.96,52.5575,52.9375,83569512
2019-05-02,00:00:00,52.46,53.1625,52.0325,52.2875,127985296
2019-05-01,00:00:00,52.47,53.8275,52.3075,52.63,259309312
2019-04-30,00:00:00,50.765,50.85,49.7775,50.1675,186139692
2019-04-29,00:00:00,51.1,51.4925,50.965,51.1525,88818864
2019-04-26,00:00:00,51.225,51.25,50.53,51.075,74596408
2019-04-25,00:00:00,51.7075,51.94,51.28,51.32,74172824
2019-04-24,00:00:00,51.84,52.12,51.7625,51.79,70162436
2019-04-23,00:00:00,51.1075,51.9375,50.975,51.87,93291964
2019-04-22,00:00:00,50.7075,51.235,50.585,51.1325,77758180
2019-04-18,00:00:00,50.78,51.0375,50.63,50.965,96783064
2019-04-17,00:00:00,49.885,50.845,49.6525,50.7825,115627120
2019-04-16,00:00:00,49.865,50.3425,49.64,49.8125,102785540
2019-04-15,00:00:00,49.645,49.9625,49.5025,49.8075,70146584
2019-04-12,00:00:00,49.8,50.035,49.0525,49.7175,111042672
2019-04-11,00:00:00,50.2125,50.25,49.61,49.7375,83603232
2019-04-10,00:00:00,49.67,50.185,49.545,50.155,86781152
2019-04-09,00:00:00,50.08,50.7125,49.8075,49.875,143072948
2019-04-08,00:00:00,49.105,50.0575,49.085,50.025,103526788
2019-04-05,00:00:00,49.1125,49.275,48.9825,49.25,74106576
2019-04-04,00:00:00,48.6975,49.0925,48.285,48.9225,76457100
2019-04-03,00:00:00,48.3125,49.125,48.2875,48.8375,93087320
2019-04-02,00:00:00,47.7725,48.615,47.7625,48.505,91062928
2019-04-01,00:00:00,47.91,47.92,47.095,47.81,111447856
2019-03-29,00:00:00,47.4575,47.52,47.135,47.4875,94255844
2019-03-28,00:00:00,47.2375,47.39,46.8825,47.18,83121452
2019-03-27,00:00:00,47.1875,47.44,46.6375,47.1175,119393708
2019-03-26,00:00:00,47.915,48.22,46.145,46.6975,199202152
2019-03-25,00:00:00,47.8775,47.995,46.65,47.185,175381172
2019-03-22,00:00:00,48.835,49.4225,47.695,47.7625,169630664
2019-03-21,00:00:00,47.505,49.0825,47.4525,48.7725,204136948
2019-03-20,00:00:00,46.5575,47.3725,46.1825,47.04,124140924
2019-03-19,00:00:00,47.0875,47.2475,46.48,46.6325,126585476
2019-03-18,00:00:00,46.45,47.0975,46.4475,47.005,104879328
2019-03-15,00:00:00,46.2125,46.8325,45.935,46.53,156171648
2019-03-14,00:00:00,45.975,46.025,45.64,45.9325,94318032
2019-03-13,00:00:00,45.5625,45.825,45.23,45.4275,124130096
2019-03-12,00:00:00,45.0,45.6675,44.8425,45.2275,129870336
2019-03-11,00:00:00,43.8725,44.78,43.8375,44.725,128044136
2019-03-08,00:00:00,42.58,43.2675,42.375,43.2275,95997432
2019-03-07,00:00:00,43.4675,43.61,43.005,43.125,99185496
2019-03-06,00:00:00,43.6675,43.8725,43.485,43.63,83241536
2019-03-05,00:00:00,43.985,44.0,43.635,43.8825,78949676
2019-03-04,00:00:00,43.9225,44.4375,43.4925,43.9625,109744812
2019-03-01,00:00:00,43.57,43.7875,43.2225,43.7425,103544668
2019-02-28,00:00:00,43.58,43.7275,43.23,43.2875,112861664
2019-02-27,00:00:00,43.3025,43.75,43.1825,43.7175,111341556
2019-02-26,00:00:00,43.4275,43.825,43.2925,43.5825,68280844
2019-02-25,00:00:00,43.54,43.9675,43.4875,43.5575,87493432
2019-02-22,00:00:00,42.895,43.25,42.845,43.2425,75652616
2019-02-21,00:00:00,42.95,43.0925,42.575,42.765,68998680
2019-02-20,00:00:00,42.7975,43.33,42.7475,43.0075,104457448
2019-02-19,00:00:00,42.4275,42.86,42.3725,42.7325,75891304
2019-02-15,00:00:00,42.8125,42.925,42.4375,42.605,98507256
2019-02-14,00:00:00,42.4275,42.815,42.345,42.7,87342988
2019-02-13,00:00:00,42.8475,43.12,42.48,42.545,89960932
2019-02-12,00:00:00,42.525,42.75,42.425,42.7225,89134092
2019-02-11,00:00:00,42.7625,42.8025,42.3125,42.3575,83973700
2019-02-08,00:00:00,42.2475,42.665,42.105,42.6025,95279864
2019-02-07,00:00:00,43.1,43.485,42.585,42.735,126966760
2019-02-06,00:00:00,43.6625,43.8925,43.2125,43.56,112958364
2019-02-05,00:00:00,43.215,43.77,43.0875,43.545,144406512
2019-02-04,00:00:00,41.8525,42.915,41.82,42.8125,125982328
2019-02-01,00:00:00,41.74,42.245,41.4825,41.63,130672552
2019-01-31,00:00:00,41.5275,42.25,41.14,41.61,162958596
2019-01-30,00:00:00,40.8125,41.5375,40.0575,41.3125,244439120
2019-01-29,00:00:00,39.0625,39.5325,38.5275,38.67,166348956
2019-01-28,00:00:00,38.9475,39.0825,38.415,39.075,104768232
2019-01-25,00:00:00,38.87,39.5325,38.58,39.44,134191572
2019-01-24,00:00:00,38.5275,38.62,37.935,38.175,101766196
2019-01-23,00:00:00,38.5375,38.785,37.925,38.48,92522280
2019-01-22,00:00:00,39.1025,39.1825,38.155,38.325,121575880
2019-01-18,00:00:00,39.375,39.47,38.995,39.205,135004092
2019-01-17,00:00:00,38.55,39.415,38.315,38.965,119284640
2019-01-16,00:00:00,38.27,38.97,38.25,38.735,122278824
2019-01-15,00:00:00,37.5675,38.3475,37.5125,38.2675,114841296
2019-01-14,00:00:00,37.7125,37.8175,37.305,37.5,129756744
2019-01-11,00:00:00,38.22,38.425,37.8775,38.0725,108092964
2019-01-10,00:00:00,38.125,38.4925,37.715,38.45,143122680
2019-01-09,00:00:00,37.8225,38.6325,37.4075,38.3275,180396324
2019-01-08,00:00:00,37.39,37.955,37.13,37.6875,164101256
2019-01-07,00:00:00,37.175,37.2075,36.475,36.9825,219111056
2019-01-04,00:00:00,36.1325,37.1375,35.95,37.065,234428280
2019-01-03,00:00:00,35.995,36.43,35.5,35.5475,365248780
2019-01-02,00:00:00,38.7225,39.7125,38.5575,39.48,148158948
2018-12-31,00:00:00,39.6325,39.84,39.12,39.435,140013864
2018-12-28,00:00:00,39.375,39.63,38.6375,39.0575,169165696
2018-12-27,00:00:00,38.96,39.1925,37.5175,39.0375,212468260
2018-12-26,00:00:00,37.075,39.3075,36.68,39.2925,234330176
2018-12-24,00:00:00,37.0375,37.8875,36.6475,36.7075,148676928
2018-12-21,00:00:00,39.215,39.54,37.4075,37.6825,382977536
2018-12-20,00:00:00,40.1,40.5275,38.825,39.2075,259091840
2018-12-19,00:00:00,41.5,41.8625,39.7725,40.2225,196189188
2018-12-18,00:00:00,41.345,41.8825,41.0975,41.5175,135366072
2018-12-17,00:00:00,41.3625,42.0875,40.6825,40.985,177151688
2018-12-14,00:00:00,42.25,42.27,41.32,41.37,162814840
2018-12-13,00:00:00,42.6225,43.1425,42.3875,42.7375,127591308
2018-12-12,00:00:00,42.6,42.98,42.255,42.275,142510696
2018-12-11,00:00:00,42.915,42.9475,41.75,42.1575,189126660
2018-12-10,00:00:00,41.25,42.5225,40.8325,42.4,248103976
2018-12-07,00:00:00,43.3725,43.6225,42.075,42.1225,169126524
2018-12-06,00:00:00,42.94,43.695,42.605,43.68,172393640
2018-12-04,00:00:00,45.2375,45.5975,44.0675,44.1725,165377128
2018-12-03,00:00:00,46.115,46.235,45.3025,46.205,163192008
2018-11-30,00:00:00,45.0725,45.0825,44.2575,44.645,158126196
2018-11-29,00:00:00,45.665,45.7,44.425,44.8875,167079968
2018-11-28,00:00:00,44.1825,45.3225,43.7325,45.235,184250156
2018-11-27,00:00:00,42.8775,43.6925,42.72,43.56,165549508
2018-11-26,00:00:00,43.56,43.7375,42.565,43.655,179994080
2018-11-23,00:00:00,43.735,44.14875,43.025,43.0725,94495888
2018-11-21,00:00:00,44.9325,45.0675,44.1375,44.195,124496840
2018-11-20,00:00:00,44.5925,45.3675,43.8775,44.245,271300988
2018-11-19,00:00:00,47.5,47.675,46.2475,46.465,167683488
2018-11-16,00:00:00,47.625,48.7425,47.365,48.3825,147713012
2018-11-15,00:00:00,47.0975,47.9925,46.725,47.8525,185915204
2018-11-14,00:00:00,48.475,48.62,46.4825,46.7,243203828
2018-11-13,00:00:00,47.9075,49.295,47.8625,48.0575,187531744
2018-11-12,00:00:00,49.75,49.9625,48.4475,48.5425,204542072
2018-11-09,00:00:00,51.3875,51.5025,50.5625,51.1175,137463000
2018-11-08,00:00:00,52.495,52.53,51.6875,52.1225,101450544
2018-11-07,00:00:00,51.4925,52.515,51.0325,52.4875,133697736
2018-11-06,00:00:00,50.48,51.18,50.4225,50.9425,127531524
2018-11-05,00:00:00,51.075,51.0975,49.5425,50.3975,264654676
2018-11-02,00:00:00,52.3875,53.4125,51.3575,51.87,365314616
2018-11-01,00:00:00,54.7625,55.59,54.2025,55.555,233292720
2018-10-31,00:00:00,54.22,55.1125,54.155,54.715,153435732
2018-10-30,00:00:00,52.7875,53.795,52.3175,53.325,146639960
2018-10-29,00:00:00,54.7975,54.9225,51.5225,53.06,183742080
2018-10-26,00:00:00,53.975,55.0475,53.1675,54.075,189033500
2018-10-25,00:00:00,54.4275,55.345,54.1875,54.95,119423072
2018-10-24,00:00:00,55.65,56.0575,53.635,53.7725,163700652
2018-10-23,00:00:00,53.9575,55.8125,53.675,55.6825,155071384
2018-10-22,00:00:00,54.9475,55.84,54.735,55.1625,115168328
2018-10-19,00:00:00,54.515,55.315,54.3575,54.8275,132314904
2018-10-18,00:00:00,54.465,54.935,53.25,54.005,130325260
2018-10-17,00:00:00,55.575,55.66,54.835,55.2975,91541588
2018-10-16,00:00:00,54.7325,55.7475,54.19,55.5375,116735852
2018-10-15,00:00:00,55.29,55.4575,54.3175,54.34,123164028
2018-10-12,00:00:00,55.105,55.72,54.21,55.5275,161351404
2018-10-11,00:00:00,53.63,54.875,53.08,53.6125,212497568
2018-10-10,00:00:00,56.365,56.5875,54.0125,54.09,167962216
2018-10-09,00:00:00,55.91,56.8175,55.5625,56.7175,107564116
2018-10-08,00:00:00,55.5525,56.2,55.05,55.9425,118655692
2018-10-05,00:00:00,56.99,57.1025,55.145,56.0725,134321852
2018-10-04,00:00:00,57.695,58.0875,56.6825,56.9975,128168000
2018-10-03,00:00:00,57.5125,58.3675,57.445,58.0175,114619196
2018-10-02,00:00:00,56.8125,57.5,56.6575,57.32,99152680
2018-10-01,00:00:00,56.9875,57.355,56.5875,56.815,94403208
2018-09-28,00:00:00,56.1975,56.46,56.005,56.435,91717456
2018-09-27,00:00:00,55.955,56.61,55.885,56.2375,120724908
2018-09-26,00:00:00,55.25,55.9375,54.94,55.105,95938824
2018-09-25,00:00:00,54.9375,55.705,54.925,55.5475,98217516
2018-09-24,00:00:00,54.205,55.315,54.1575,55.1975,110773432
2018-09-21,00:00:00,55.195,55.34,54.3225,54.415,384986992
2018-09-20,00:00:00,55.06,55.57,54.7875,55.0075,106435176
2018-09-19,00:00:00,54.625,54.905,53.825,54.5925,108495332
2018-09-18,00:00:00,54.4475,55.4625,54.28,54.56,126286848
2018-09-17,00:00:00,55.5375,55.7375,54.3175,54.47,148780532
2018-09-14,00:00:00,56.4375,56.71,55.63,55.96,127997156
2018-09-13,00:00:00,55.88,57.0875,55.6425,56.6025,166825508
2018-09-12,00:00:00,56.235,56.25,54.96,55.2675,197114960
2018-09-11,00:00:00,54.5025,56.075,54.14,55.9625,142996196
2018-09-10,00:00:00,55.2375,55.4625,54.1175,54.5825,158065812
2018-09-07,00:00:00,55.4625,56.3425,55.1775,55.325,150479240
2018-09-06,00:00:00,56.5575,56.8375,55.325,55.775,137159904
2018-09-05,00:00:00,57.2475,57.4175,56.275,56.7175,133331840
2018-09-04,00:00:00,57.1025,57.295,56.6575,57.09,109560528
2018-08-31,00:00:00,56.6275,57.2175,56.5,56.9075,173360536
2018-08-30,00:00:00,55.8125,57.065,55.6,56.2575,195175296
2018-08-29,00:00:00,55.0375,55.8725,54.8525,55.745,109019216
2018-08-28,00:00:00,54.7525,55.135,54.73,54.925,91107064
2018-08-27,00:00:00,54.2875,54.685,54.0825,54.485,82100468
2018-08-24,00:00:00,54.15,54.225,53.7775,54.04,73905424
2018-08-23,00:00:00,53.6625,54.2625,53.65,53.8725,75532896
2018-08-22,00:00:00,53.525,54.09,53.46,53.7625,76072524
2018-08-21,00:00:00,54.2,54.2975,53.5075,53.76,104639020
2018-08-20,00:00:00,54.525,54.795,53.7775,53.865,121150780
2018-08-17,00:00:00,53.36,54.4875,53.29,54.395,141707988
2018-08-16,00:00:00,52.9375,53.4525,52.8675,53.33,114001468
2018-08-15,00:00:00,52.305,52.685,52.0825,52.56,115230256
2018-08-14,00:00:00,52.54,52.64,52.065,52.4375,82992040
2018-08-13,00:00:00,51.925,52.7375,51.925,52.2175,103563520
2018-08-10,00:00:00,51.84,52.275,51.6675,51.8825,98444808
2018-08-09,00:00:00,51.82,52.445,51.8,52.22,93970504
2018-08-08,00:00:00,51.5125,51.9525,51.13,51.8125,90101948
2018-08-07,00:00:00,52.33,52.375,51.69,51.7775,102349548
2018-08-06,00:00:00,52.0,52.3125,51.7675,52.2675,101701548
2018-08-03,00:00:00,51.7575,52.185,51.37,51.9975,133789584
2018-08-02,00:00:00,50.145,52.095,50.0875,51.8475,249616048
2018-08-01,00:00:00,49.7825,50.44,49.3275,50.375,271742864
2018-07-31,00:00:00,47.575,48.035,47.335,47.5725,157492152
2018-07-30,00:00:00,47.975,48.05,47.2675,47.4775,84118140
2018-07-27,00:00:00,48.7475,48.7975,47.525,47.745,96095888
2018-07-26,00:00:00,48.6525,48.99,48.4025,48.5525,76303856
2018-07-25,00:00:00,48.265,48.7125,48.1075,48.705,67305932
2018-07-24,00:00:00,48.1125,48.415,48.0125,48.25,74791592
2018-07-23,00:00:00,47.67,47.99,47.39,47.9025,63957460
2018-07-20,00:00:00,47.945,48.1075,47.5425,47.86,82824168
2018-07-19,00:00:00,47.4225,48.1375,47.4225,47.97,81147008
2018-07-18,00:00:00,47.945,47.95,47.4825,47.6,65573524
2018-07-17,00:00:00,47.4375,47.9675,47.3,47.8625,62138092
2018-07-16,00:00:00,47.88,48.1625,47.605,47.7275,60172440
2018-07-13,00:00:00,47.77,47.96,47.725,47.8325,50079168
2018-07-12,00:00:00,47.3825,47.8525,47.3275,47.7575,72164524
2018-07-11,00:00:00,47.125,47.445,46.9025,46.97,75325880
2018-07-10,00:00:00,47.6775,47.82,47.545,47.5875,63756596
2018-07-09,00:00:00,47.375,47.67,47.325,47.645,79026536
2018-07-06,00:00:00,46.355,47.1075,46.3,46.9925,69940980
2018-07-05,00:00:00,46.315,46.6025,46.07,46.35,66416992
2018-07-03,00:00:00,46.9475,46.9875,45.885,45.98,55819224
2018-07-02,00:00:00,45.955,46.825,45.855,46.795,70925372
2018-06-29,00:00:00,46.5725,46.7975,45.7275,46.2775,90950664
2018-06-28,00:00:00,46.025,46.5525,45.95,46.375,69460940
2018-06-27,00:00:00,46.3075,46.82,46.0075,46.04,101141312
2018-06-26,00:00:00,45.7475,46.6325,45.635,46.1075,98276804
2018-06-25,00:00:00,45.85,46.23,45.1825,45.5425,126652384
2018-06-22,00:00:00,46.53,46.5375,46.175,46.23,108801788
2018-06-21,00:00:00,46.8125,47.0875,46.235,46.365,102847592
2018-06-20,00:00:00,46.5875,46.8,46.4325,46.625,82514804
2018-06-19,00:00:00,46.285,46.5825,45.8625,46.4225,134313820
2018-06-18,00:00:00,46.97,47.305,46.8,47.185,73939460
2018-06-15,00:00:00,47.5075,47.54,47.065,47.21,246876640
2018-06-14,00:00:00,47.8875,47.8925,47.555,47.7,86440296
2018-06-13,00:00:00,48.105,48.22,47.61,47.675,86553572
2018-06-12,00:00:00,47.8475,48.1525,47.7875,48.07,67644564
2018-06-11,00:00:00,47.8375,47.9925,47.5525,47.8075,73233840
2018-06-08,00:00:00,47.7925,48.0,47.4425,47.925,106627196
2018-06-07,00:00:00,48.535,48.55,48.085,48.365,85388720
2018-06-06,00:00:00,48.4075,48.52,47.98,48.495,83734476
2018-06-05,00:00:00,48.2675,48.485,48.09,48.3275,86263852
2018-06-04,00:00:00,47.91,48.355,47.8375,47.9575,105064696
2018-06-01,00:00:00,46.9975,47.565,46.9375,47.56,93770040
2018-05-31,00:00:00,46.805,47.0575,46.535,46.7175,109931172
2018-05-30,00:00:00,46.93,47.0,46.695,46.875,74762188
2018-05-29,00:00:00,46.9,47.1875,46.7175,46.975,90056300
2018-05-25,00:00:00,47.0575,47.4125,46.9125,47.145,69843852
2018-05-24,00:00:00,47.1925,47.21,46.5525,47.0375,92935900
2018-05-23,00:00:00,46.5875,47.125,46.44,47.09,80233660
2018-05-22,00:00:00,47.095,47.22,46.695,46.79,60962816
2018-05-21,00:00:00,47.0,47.3175,46.7275,46.9075,73603148
2018-05-18,00:00:00,46.7975,46.9525,46.5325,46.5775,73190912
2018-05-17,00:00:00,47.0,47.2275,46.59,46.7475,69176116
2018-05-16,00:00:00,46.5175,47.115,46.5,47.045,76732256
2018-05-15,00:00:00,46.695,46.7675,46.275,46.61,94780636
2018-05-14,00:00:00,47.2525,47.3825,46.965,47.0375,83115088
2018-05-11,00:00:00,47.3725,47.515,46.8625,47.1475,104848884
2018-05-10,00:00:00,46.935,47.5925,46.9125,47.51,111957156
2018-05-09,00:00:00,46.6375,46.85,46.305,46.84,92844964
2018-05-08,00:00:00,46.2475,46.555,45.9175,46.5125,113611108
2018-05-07,00:00:00,46.295,46.9175,46.1875,46.29,169805692
2018-05-04,00:00:00,44.5625,46.0625,44.5425,45.9575,224805268
2018-05-03,00:00:00,43.97,44.375,43.61,44.2225,136272720
2018-05-02,00:00:00,43.8075,44.4375,43.45,44.1425,266157484
2018-05-01,00:00:00,41.6025,42.3,41.3175,42.275,214277504
2018-04-30,00:00:00,40.5325,41.815,40.46,41.315,169709696
2018-04-27,00:00:00,41.0,41.0825,40.1575,40.58,142623356
2018-04-26,00:00:00,41.03,41.4325,40.8425,41.055,111852056
2018-04-25,00:00:00,40.655,41.355,40.6025,40.9125,113528336
2018-04-24,00:00:00,41.4175,41.5825,40.305,40.735,134768068
2018-04-23,00:00:00,41.7075,41.73,41.0225,41.31,146061908
2018-04-20,00:00:00,42.65,42.805,41.3575,41.43,261964560
2018-04-19,00:00:00,43.44,43.8475,43.165,43.2,139235200
2018-04-18,00:00:00,44.4525,44.705,44.22,44.46,83018152
2018-04-17,00:00:00,44.1225,44.735,44.1025,44.56,106421768
2018-04-16,00:00:00,43.7575,44.0475,43.7075,43.955,86313680
2018-04-13,00:00:00,43.695,43.96,43.4625,43.6825,100497020
2018-04-12,00:00:00,43.3525,43.75,43.26,43.535,91557140
2018-04-11,00:00:00,43.0575,43.48,42.925,43.11,89726560
2018-04-10,00:00:00,43.25,43.5,42.8825,43.3125,114456964
2018-04-09,00:00:00,42.47,43.2725,42.4625,42.5125,116070872
2018-04-06,00:00:00,42.7425,43.12,42.05,42.095,140021160
2018-04-05,00:00:00,43.145,43.5575,43.02,43.2,107732788
2018-04-04,00:00:00,41.22,43.0025,41.1925,42.9025,138421956
2018-04-03,00:00:00,41.91,42.1875,41.22,42.0975,121112184
2018-04-02,00:00:00,41.66,42.235,41.1175,41.67,150347164
2018-03-29,00:00:00,41.9525,42.9375,41.725,41.945,153594020
2018-03-28,00:00:00,41.8125,42.505,41.2975,41.62,166674180
2018-03-27,00:00:00,43.42,43.7875,41.73,42.085,155851356
2018-03-26,00:00:00,42.0175,43.275,41.61,43.1925,145090468
2018-03-23,00:00:00,42.0975,42.48,41.235,41.235,160995816
2018-03-22,00:00:00,42.5,43.17,42.15,42.2125,164204304
2018-03-21,00:00:00,43.76,43.7725,42.815,42.8175,140989432
2018-03-20,00:00:00,43.81,44.2,43.735,43.81,77256156
2018-03-19,00:00:00,44.33,44.3675,43.415,43.825,131218780
2018-03-16,00:00:00,44.6625,44.78,44.405,44.505,147345824
2018-03-15,00:00:00,44.625,45.06,44.5175,44.6625,90338260
2018-03-14,00:00:00,45.08,45.13,44.4525,44.61,116301876
2018-03-13,00:00:00,45.6475,45.875,44.81,44.9925,124673616
2018-03-12,00:00:00,45.0725,45.5975,45.0525,45.43,128221620
2018-03-09,00:00:00,44.49,45.0,44.3475,44.995,125540536
2018-03-08,00:00:00,43.87,44.28,43.7675,44.235,92655068
2018-03-07,00:00:00,43.735,43.9625,43.5675,43.7575,126813848
2018-03-06,00:00:00,44.4775,44.5625,44.0325,44.1675,95154024
2018-03-05,00:00:00,43.8025,44.435,43.63,44.205,113605464
2018-03-02,00:00:00,43.2,44.075,43.1125,44.0525,153815800
2018-03-01,00:00:00,44.635,44.945,43.165,43.75,195207880
2018-02-28,00:00:00,44.815,45.155,44.5125,44.53,134418296
2018-02-27,00:00:00,44.775,45.12,44.54,44.5975,154740660
2018-02-26,00:00:00,44.0875,44.8475,44.0525,44.7425,147545728
2018-02-23,00:00:00,43.4175,43.9125,43.385,43.875,133316928
2018-02-22,00:00:00,42.95,43.4875,42.9275,43.125,122016464
2018-02-21,00:00:00,43.2075,43.53,42.7525,42.7675,143334056
2018-02-20,00:00:00,43.0125,43.565,42.855,42.9625,134124048
2018-02-16,00:00:00,43.09,43.705,42.9425,43.1075,158555172
2018-02-15,00:00:00,42.4475,43.2725,42.25,43.2475,202438380
2018-02-14,00:00:00,40.76,41.885,40.72,41.8425,158676712
2018-02-13,00:00:00,40.4875,41.1875,40.4125,41.085,128419024
2018-02-12,00:00:00,39.625,40.9725,39.3775,40.6775,242240580
2018-02-09,00:00:00,39.2675,39.4725,37.56,39.1025,266894972
2018-02-08,00:00:00,40.0725,40.25,38.7575,38.7875,198376516
2018-02-07,00:00:00,40.7725,40.85,39.7675,39.885,203408520
2018-02-06,00:00:00,38.7075,40.93,38.5,40.7575,266501936
2018-02-05,00:00:00,39.775,40.97,39.0,39.1225,264361784
2018-02-02,00:00:00,41.5,41.7,40.025,40.125,341744300
2018-02-01,00:00:00,41.7925,42.155,41.69,41.945,152398660
2018-01-31,00:00:00,41.7175,42.11,41.625,41.8575,123936396
2018-01-30,00:00:00,41.3825,41.8425,41.175,41.7425,180548104
2018-01-29,00:00:00,42.54,42.54,41.7675,41.99,193737696
2018-01-26,00:00:00,43.0,43.0,42.515,42.8775,148487220
2018-01-25,00:00:00,43.6275,43.7375,42.6325,42.7775,158647216
2018-01-24,00:00:00,44.3125,44.325,43.3,43.555,202249028
2018-01-23,00:00:00,44.325,44.86,44.205,44.26,126810124
2018-01-22,00:00:00,44.325,44.445,44.15,44.25,104094732
2018-01-19,00:00:00,44.6525,44.895,44.3525,44.615,123311236
2018-01-18,00:00:00,44.8425,45.025,44.5625,44.815,120938048
2018-01-17,00:00:00,44.0375,44.8125,43.7675,44.775,131010936
2018-01-16,00:00:00,44.475,44.8475,44.035,44.0475,116636020
2018-01-12,00:00:00,44.045,44.34,43.9125,44.2725,100158124
2018-01-11,00:00:00,43.6475,43.8725,43.6225,43.82,70093024
2018-01-10,00:00:00,43.29,43.575,43.25,43.5725,94356516
2018-01-09,00:00:00,43.6375,43.765,43.3525,43.5825,85050456
2018-01-08,00:00:00,43.5875,43.9025,43.4825,43.5875,80536368
2018-01-05,00:00:00,43.36,43.8425,43.2625,43.75,92064708
2018-01-04,00:00:00,43.135,43.3675,43.02,43.2575,88845380
2018-01-03,00:00:00,43.1325,43.6375,42.99,43.0575,115278612
2018-01-02,00:00:00,42.54,43.075,42.315,43.065,100192192
2017-12-29,00:00:00,42.63,42.6475,42.305,42.3075,102574844
2017-12-28,00:00:00,42.75,42.9625,42.62,42.77,63990956
2017-12-27,00:00:00,42.525,42.695,42.4275,42.65,86688248
2017-12-26,00:00:00,42.7,42.8675,42.42,42.6425,131872668
2017-12-22,00:00:00,43.67,43.855,43.625,43.7525,64210460
2017-12-21,00:00:00,43.5425,44.005,43.525,43.7525,81427304
2017-12-20,00:00:00,43.7175,43.855,43.3125,43.5875,92001568
2017-12-19,00:00:00,43.7575,43.8475,43.5225,43.635,108315488
2017-12-18,00:00:00,43.72,44.3,43.715,44.105,115326132
2017-12-15,00:00:00,43.4075,43.5425,43.115,43.4925,148218528
2017-12-14,00:00:00,43.1,43.2825,42.9125,43.055,80877228
2017-12-13,00:00:00,43.125,43.385,43.0,43.0675,92568968
2017-12-12,00:00:00,43.0375,43.0975,42.86525,42.925,75781828
2017-12-11,00:00:00,42.3,43.2225,42.1975,43.1675,132368204
2017-12-08,00:00:00,42.6225,42.75,42.205,42.3425,92387488
2017-12-07,00:00:00,42.2575,42.61,42.2275,42.33,97878452
2017-12-06,00:00:00,41.875,42.551175,41.615,42.2525,112897428
2017-12-05,00:00:00,42.265,42.88,42.1,42.41,108033712
2017-12-04,00:00:00,43.12,43.155,42.4075,42.45,128460208
2017-12-01,00:00:00,42.4875,42.9175,42.125,42.7625,158360320
2017-11-30,00:00:00,42.6075,43.035,42.11,42.9625,160689472
2017-11-29,00:00:00,43.1575,43.23,41.79,42.37,163153296
2017-11-28,00:00:00,43.575,43.7175,42.965,43.2675,101873768
2017-11-27,00:00:00,43.7625,43.77,43.335,43.5225,82145252
2017-11-24,00:00:00,43.775,43.875,43.661475,43.7425,56106076
2017-11-22,00:00:00,43.34,43.75,43.2625,43.74,99989096
2017-11-21,00:00:00,42.695,43.425,42.695,43.285,99501884
2017-11-20,00:00:00,42.5725,42.64,42.39,42.495,63897548
2017-11-17,00:00:00,42.76,42.8475,42.41,42.5375,86663244
2017-11-16,00:00:00,42.795,42.9675,42.575,42.775,93989304
2017-11-15,00:00:00,42.4925,42.579925,42.095,42.27,114809404
2017-11-14,00:00:00,43.26,43.37,42.795,42.835,94353804
2017-11-13,00:00:00,43.375,43.625,43.35,43.4925,67312100
2017-11-10,00:00:00,43.7775,43.845,43.5675,43.6675,100244732
2017-11-09,00:00:00,43.7775,44.02375,43.285,43.97,114546124
2017-11-08,00:00:00,43.665,44.06,43.5825,44.06,95630556
2017-11-07,00:00:00,43.4775,43.8125,43.4,43.7025,95643656
2017-11-06,00:00:00,43.09125,43.7475,42.93,43.5625,136970264
2017-11-03,00:00:00,43.5,43.565,42.78,43.125,234735304
2017-11-02,00:00:00,41.91,42.125,41.32,42.0275,130840160
2017-11-01,00:00:00,42.4675,42.485,41.4025,41.7225,132403388
2017-10-31,00:00:00,41.975,42.412475,41.735,42.26,141898688
2017-10-30,00:00:00,40.9725,42.0175,40.93,41.68,175693168
2017-10-27,00:00:00,39.8225,40.9,39.675,40.7625,175616600
2017-10-26,00:00:00,39.3075,39.457375,39.195,39.3525,67006764
2017-10-25,00:00:00,39.2275,39.3875,38.8175,39.1025,80506216
2017-10-24,00:00:00,39.0725,39.355,39.05,39.275,68550924
2017-10-23,00:00:00,39.2225,39.4225,38.875,39.0425,86617844
2017-10-20,00:00:00,39.1525,39.4375,38.99,39.0625,94448984
2017-10-19,00:00:00,39.1875,39.27,38.755,38.995,168445304
2017-10-18,00:00:00,40.105,40.1775,39.9,39.94,64634636
2017-10-17,00:00:00,39.945,40.2175,39.8075,40.1175,75265752
2017-10-16,00:00:00,39.475,40.0,39.4125,39.97,95578520
2017-10-13,00:00:00,39.1825,39.32,39.1025,39.2475,65150432
2017-10-12,00:00:00,39.0875,39.3425,38.932475,39.0,64182880
2017-10-11,00:00:00,38.9925,39.245,38.9375,39.1375,66430772
2017-10-10,00:00:00,39.01375,39.5,38.775,38.975,61825324
2017-10-09,00:00:00,38.9525,39.1825,38.87125,38.96,64800516
2017-10-06,00:00:00,38.7425,38.8725,38.64,38.825,65694996
2017-10-05,00:00:00,38.545,38.86,38.5125,38.8475,84131200
2017-10-04,00:00:00,38.4075,38.465,38.115,38.37,79376708
2017-10-03,00:00:00,38.5025,38.7725,38.4775,38.62,64585552
2017-10-02,00:00:00,38.565,38.6125,38.18,38.4525,74099440
2017-09-29,00:00:00,38.3025,38.5325,38.0,38.53,103426120
2017-09-28,00:00:00,38.4725,38.57,38.175,38.32,87586368
2017-09-27,00:00:00,38.45,38.679725,38.385,38.5575,99838208
2017-09-26,00:00:00,37.945,38.48,37.9225,38.285,141883940
2017-09-25,00:00:00,37.4975,37.9575,37.29,37.6375,175689336
2017-09-22,00:00:00,38.005,38.0675,37.64,37.9725,184457696
2017-09-21,00:00:00,38.95,38.95,38.1875,38.3475,146573528
2017-09-20,00:00:00,39.475,39.565,38.4575,39.0175,206772956
2017-09-19,00:00:00,39.8775,39.9425,39.61,39.6825,81389408
2017-09-18,00:00:00,40.0275,40.125,39.49875,39.6675,111758872
2017-09-15,00:00:00,39.6175,40.2425,39.5,39.97,192814568
2017-09-14,00:00:00,39.7475,39.85,39.5225,39.57,92294584
2017-09-13,00:00:00,39.9675,39.99,39.4775,39.9125,177575008
2017-09-12,00:00:00,40.6525,40.99,39.6925,40.215,284556476
2017-09-11,00:00:00,40.125,40.5125,39.9725,40.375,124115704
2017-09-08,00:00:00,40.215,40.2875,39.6325,39.6575,112732636
2017-09-07,00:00:00,40.5225,40.56,40.09,40.315,86891980
2017-09-06,00:00:00,40.6775,40.7475,40.13,40.4775,84716188
2017-09-05,00:00:00,40.9375,41.0625,40.14,40.52,117268216
2017-09-01,00:00:00,41.2,41.235,40.9075,41.0125,66034272
2017-08-31,00:00:00,40.91,41.13,40.87,41.0,105649756
2017-08-30,00:00:00,40.95,40.9725,40.6525,40.8375,107895784
2017-08-29,00:00:00,40.025,40.78,40.0,40.7275,117231448
2017-08-28,00:00:00,40.035,40.5,39.9825,40.3675,101118696
2017-08-25,00:00:00,39.9125,40.14,39.8175,39.965,100060872
2017-08-24,00:00:00,40.1075,40.185,39.6375,39.8175,76118484
2017-08-23,00:00:00,39.7675,40.1175,39.72,39.995,76792756
2017-08-22,00:00:00,39.5575,40.0,39.505,39.945,85191248
2017-08-21,00:00:00,39.375,39.4725,38.777525,39.3025,104582612
2017-08-18,00:00:00,39.465,39.875,39.18,39.375,108050100
2017-08-17,00:00:00,40.13,40.1775,39.46,39.465,107702776
2017-08-16,00:00:00,40.485,40.6275,40.0375,40.2375,109287044
2017-08-15,00:00:00,40.165,40.54875,40.035,40.4,111747096
2017-08-14,00:00:00,39.83,40.0525,39.6875,39.9625,87019240
2017-08-11,00:00:00,39.15,39.6432,39.0175,39.37,103772748
2017-08-10,00:00:00,39.975,40.0,38.6575,38.83,156324068
2017-08-09,00:00:00,39.815,40.3175,39.7775,40.265,102561576
2017-08-08,00:00:00,39.65,40.4575,39.5675,40.02,143102700
2017-08-07,00:00:00,39.265,39.73,39.167525,39.7025,87481284
2017-08-04,00:00:00,39.0175,39.35,38.9225,39.0975,81398128
2017-08-03,00:00:00,39.2625,39.3025,38.755,38.8925,104002952
2017-08-02,00:00:00,39.82,39.9375,39.04,39.285,276891172
2017-08-01,00:00:00,37.275,37.555,37.1025,37.5125,98902104
2017-07-31,00:00:00,37.475,37.5825,37.0325,37.1825,77690620
2017-07-28,00:00:00,37.4725,37.5575,37.2975,37.375,67331788
2017-07-27,00:00:00,38.4375,38.4975,36.825,37.64,128703500
2017-07-26,00:00:00,38.3375,38.4825,38.265,38.365,60688544
2017-07-25,00:00:00,37.95,38.46,37.95,38.185,74450596
2017-07-24,00:00:00,37.645,38.11,37.475,38.0225,84490920
2017-07-21,00:00:00,37.4975,37.61,37.22,37.5675,98684008
2017-07-20,00:00:00,37.875,37.935,37.5475,37.585,68213304
2017-07-19,00:00:00,37.62,37.855,37.4875,37.755,82461676
2017-07-18,00:00:00,37.3,37.5325,37.1675,37.52,70855180
2017-07-17,00:00:00,37.205,37.725,37.1425,37.39,92974852
2017-07-14,00:00:00,36.9925,37.3325,36.8325,37.26,79847152
2017-07-13,00:00:00,36.375,37.1225,36.36,36.9425,99691152
2017-07-12,00:00:00,36.4675,36.545,36.205,36.435,94471856
2017-07-11,00:00:00,36.1825,36.4625,36.095,36.3825,73244624
2017-07-10,00:00:00,36.0275,36.4875,35.8425,36.265,84121864
2017-07-07,00:00:00,35.725,36.1875,35.725,36.045,74021404
2017-07-06,00:00:00,35.755,35.875,35.6025,35.6825,93497496
2017-07-05,00:00:00,35.9225,36.1975,35.680925,36.0225,83035180
2017-07-03,00:00:00,36.22,36.325,35.775,35.875,57033200
2017-06-30,00:00:00,36.1125,36.24,35.945,36.005,89315916
2017-06-29,00:00:00,36.1775,36.2825,35.57,35.92,124467920
2017-06-28,00:00:00,36.1225,36.5275,35.790025,36.4575,87663756
2017-06-27,00:00:00,36.2525,36.54,35.905,35.9325,97694572
2017-06-26,00:00:00,36.7925,37.07,36.345,36.455,102098644
2017-06-23,00:00:00,36.2825,36.79,36.2775,36.57,103991904
2017-06-22,00:00:00,36.4425,36.675,36.279975,36.4075,74693460
2017-06-21,00:00:00,36.38,36.517325,36.1525,36.4675,84258716
2017-06-20,00:00:00,36.7175,36.7175,36.235,36.2525,98288680
2017-06-19,00:00:00,35.915,36.685,35.915,36.585,125796528
2017-06-16,00:00:00,35.945,36.125,35.55,35.5675,196722992
2017-06-15,00:00:00,35.83,36.11995,35.5525,36.0725,125395328
2017-06-14,00:00:00,36.875,36.875,35.96,36.29,124896812
2017-06-13,00:00:00,36.79,36.8625,36.2875,36.6475,134996616
2017-06-12,00:00:00,36.435,36.5225,35.6275,36.355,286254456
2017-06-09,00:00:00,38.7975,38.7975,36.505,37.245,259530800
2017-06-08,00:00:00,38.8125,38.885,38.6,38.7475,83085468
2017-06-07,00:00:00,38.755,38.995,38.62,38.8425,82715088
2017-06-06,00:00:00,38.475,38.9525,38.445,38.6125,104998520
2017-06-05,00:00:00,38.585,38.6125,38.365,38.4825,99215432
2017-06-02,00:00:00,38.395,38.8625,38.2225,38.8625,109143444
2017-06-01,00:00:00,38.2925,38.3325,38.055,38.295,64720572
2017-05-31,00:00:00,38.4925,38.5425,38.095,38.19,92651492
2017-05-30,00:00:00,38.355,38.6075,38.3325,38.4175,80139736
2017-05-26,00:00:00,38.5,38.56,38.3275,38.4025,86528808
2017-05-25,00:00:00,38.4325,38.5875,38.2575,38.4675,76177852
2017-05-24,00:00:00,38.46,38.5425,38.1675,38.335,76473276
2017-05-23,00:00:00,38.725,38.725,38.3275,38.45,77721432
2017-05-22,00:00:00,38.5,38.645,38.2275,38.4975,89360276
2017-05-19,00:00:00,38.345,38.495,38.1575,38.265,106935192
2017-05-18,00:00:00,37.8175,38.335,37.7825,38.135,132638656
2017-05-17,00:00:00,38.4,38.6425,37.4275,37.5625,197931272
2017-05-16,00:00:00,38.985,39.015,38.68,38.8675,79618716
2017-05-15,00:00:00,39.0025,39.1625,38.7625,38.925,102803932
2017-05-12,00:00:00,38.675,39.105,38.6675,39.025,128887024
2017-05-11,00:00:00,38.1125,38.5175,38.0775,38.4875,102386748
2017-05-10,00:00:00,38.4075,38.485,38.0275,38.315,102681824
2017-05-09,00:00:00,38.4675,38.72,38.3625,38.4975,143769740
2017-05-08,00:00:00,37.2575,38.425,37.2575,38.2525,193356840
2017-05-05,00:00:00,36.69,37.245,36.69,37.24,107149436
2017-05-04,00:00:00,36.63,36.785,36.4525,36.6325,93102760
2017-05-03,00:00:00,36.3975,36.8725,36.0675,36.765,180571224
2017-05-02,00:00:00,36.885,37.0225,36.71,36.8775,159010680
2017-05-01,00:00:00,36.275,36.8,36.24,36.645,131275040
2017-04-28,00:00:00,36.0225,36.075,35.8175,35.9125,80988748
2017-04-27,00:00:00,35.980625,36.04,35.8275,35.9475,55795920
2017-04-26,00:00:00,36.1175,36.15,35.84405,35.92,78457148
2017-04-25,00:00:00,35.9775,36.225,35.9675,36.1325,72865888
2017-04-24,00:00:00,35.875,35.9875,35.795,35.91,68466396
2017-04-21,00:00:00,35.61,35.67,35.4625,35.5675,69283712
2017-04-20,00:00:00,35.305,35.73,35.29,35.61,93278248
2017-04-19,00:00:00,35.47,35.5,35.1125,35.17,69313500
2017-04-18,00:00:00,35.3525,35.51,35.2775,35.3,58790176
2017-04-17,00:00:00,35.37,35.47,35.2175,35.4575,66328376
2017-04-13,00:00:00,35.4775,35.595,35.2625,35.2625,71291520
2017-04-12,00:00:00,35.4,35.5375,35.2525,35.45,81400000
2017-04-11,00:00:00,35.735,35.8375,35.015,35.4075,121517504
2017-04-10,00:00:00,35.9,35.9698,35.725,35.7925,75733588
2017-04-07,00:00:00,35.9325,36.045,35.8175,35.835,66634172
2017-04-06,00:00:00,36.0725,36.13,35.8625,35.915,84596136
2017-04-05,00:00:00,36.055,36.365,35.9525,36.005,110871416
2017-04-04,00:00:00,35.8125,36.2225,35.7925,36.1925,79565416
2017-04-03,00:00:00,35.9275,36.03,35.7625,35.925,79942856
2017-03-31,00:00:00,35.93,36.0675,35.7525,35.915,78646604
2017-03-30,00:00:00,36.0475,36.125,35.875,35.9825,84829008
2017-03-29,00:00:00,35.92,36.1225,35.7975,36.03,116759820
2017-03-28,00:00:00,35.2275,36.01,35.155,35.95,133499220
2017-03-27,00:00:00,34.8475,35.305,34.655,35.22,94300376
2017-03-24,00:00:00,35.375,35.435,35.0875,35.16,89582252
2017-03-23,00:00:00,35.315,35.3961,35.1525,35.23,81385204
2017-03-22,00:00:00,34.96125,35.4,34.94,35.355,103440660
2017-03-21,00:00:00,35.5275,35.7,34.9325,34.96,158119648
2017-03-20,00:00:00,35.1,35.375,35.0575,35.365,86168152
2017-03-17,00:00:00,35.25,35.25,34.9725,34.9975,175539808
2017-03-16,00:00:00,35.18,35.255,35.065,35.1725,76927992
2017-03-15,00:00:00,34.8525,35.187525,34.75625,35.115,102767096
2017-03-14,00:00:00,34.825,34.9125,34.71,34.7475,61236260
2017-03-13,00:00:00,34.7125,34.8575,34.705,34.8,69686868
2017-03-10,00:00:00,34.8125,34.839275,34.66,34.785,78451204
2017-03-09,00:00:00,34.685,34.6975,34.2625,34.67,88623616
2017-03-08,00:00:00,34.7375,34.95,34.705,34.75,74828944
2017-03-07,00:00:00,34.765,34.995,34.6975,34.88,69785188
2017-03-06,00:00:00,34.84125,34.9425,34.648975,34.835,87000176
2017-03-03,00:00:00,34.695,34.9575,34.6475,34.945,86284484
2017-03-02,00:00:00,35.0,35.06965,34.69,34.74,104843936
2017-03-01,00:00:00,34.4725,35.0375,34.39875,34.9475,145658340
2017-02-28,00:00:00,34.27,34.35875,34.175,34.2475,93931440
2017-02-27,00:00:00,34.285,34.35875,34.07,34.2325,81029704
2017-02-24,00:00:00,33.9775,34.165,33.82,34.165,87106340
2017-02-23,00:00:00,34.345,34.37,34.075,34.1325,83152744
2017-02-22,00:00:00,34.1075,34.28,34.0275,34.2775,83347728
2017-02-21,00:00:00,34.0575,34.1875,33.995,34.175,98028624
2017-02-17,00:00:00,33.775,33.9575,33.775,33.93,88792788
2017-02-16,00:00:00,33.9175,33.975,33.70995,33.83625,90338220
2017-02-15,00:00:00,33.88,34.0675,33.655,33.8775,142492400
2017-02-14,00:00:00,33.3675,33.7725,33.3125,33.755,132904892
2017-02-13,00:00:00,33.27,33.455,33.1875,33.3225,92141684
2017-02-10,00:00:00,33.115,33.235,33.0125,33.03,80261832
2017-02-09,00:00:00,32.9125,33.11125,32.78,33.105,113399436
2017-02-08,00:00:00,32.8375,33.055,32.805,33.01,92016288
2017-02-07,00:00:00,32.635,33.0225,32.6125,32.8825,152735364
2017-02-06,00:00:00,32.2825,32.625,32.225,32.5725,107383696
2017-02-03,00:00:00,32.0775,32.2975,32.04,32.27,98029204
2017-02-02,00:00:00,31.99375,32.3475,31.945,32.1325,134841644
2017-02-01,00:00:00,31.7575,32.6225,31.7525,32.1875,447940160
2017-01-31,00:00:00,30.2875,30.3475,30.155,30.3375,196803972
2017-01-30,00:00:00,30.2325,30.4075,30.165,30.4075,121510012
2017-01-27,00:00:00,30.535,30.5875,30.4,30.4875,82251776
2017-01-26,00:00:00,30.4175,30.61,30.4,30.485,105350304
2017-01-25,00:00:00,30.105,30.525,30.07,30.47,130346692
2017-01-24,00:00:00,29.8875,30.025,29.875,29.9925,92844152
2017-01-23,00:00:00,30.0,30.2025,29.9425,30.02,88200872
2017-01-20,00:00:00,30.1125,30.1125,29.93365,30.0,130391568
2017-01-19,00:00:00,29.85,30.0225,29.8425,29.945,102389164
2017-01-18,00:00:00,30.0,30.125,29.9275,29.9975,94851844
2017-01-17,00:00:00,29.585,30.06,29.555,30.0,137759372
2017-01-13,00:00:00,29.7775,29.905,29.7025,29.76,104447792
2017-01-12,00:00:00,29.72375,29.825,29.5525,29.8125,108344880
2017-01-11,00:00:00,29.685,29.9825,29.65,29.9375,110354372
2017-01-10,00:00:00,29.6925,29.845,29.575,29.7775,97848204
2017-01-09,00:00:00,29.4875,29.8575,29.485,29.7475,134247792
2017-01-06,00:00:00,29.195,29.54,29.1175,29.4775,127007600
2017-01-05,00:00:00,28.98,29.21605,28.9525,29.1525,88774348
2017-01-04,00:00:00,28.9625,29.1275,28.9375,29.005,84472464
2017-01-03,00:00:00,28.95,29.0825,28.69,29.0375,115127460
